#
# A fatal error has been detected by the Java Runtime Environment:
#
#  EXCEPTION_ACCESS_VIOLATION (0xc0000005) at pc=0x00007fff64f26918, pid=8320, tid=640
#
# JRE version: Java(TM) SE Runtime Environment (21.0.4+8) (build 21.0.4+8-LTS-274)
# Java VM: Java HotSpot(TM) 64-Bit Server VM (21.0.4+8-LTS-274, mixed mode, sharing, tiered, compressed oops, compressed class ptrs, g1 gc, windows-amd64)
# Problematic frame:
# C  [jdwp.dll+0x26918]
#
# No core dump will be written. Minidumps are not enabled by default on client versions of Windows
#
# If you would like to submit a bug report, please visit:
#   https://bugreport.java.com/bugreport/crash.jsp
# The crash happened outside the Java Virtual Machine in native code.
# See problematic frame for where to report the bug.
#

---------------  S U M M A R Y ------------

Command Line: -Ddebugger.agent.enable.coroutines=true -Dforge.enableGameTest=true -Dforge.enabledGameTestNamespaces=cif -Dforge.logging.console.level=debug -Dforge.logging.markers=REGISTRIES -DignoreList=bootstraplauncher,securejarhandler,asm-commons,asm-util,asm-analysis,asm-tree,asm,JarJarFileSystems,client-extra,fmlcore,javafmllanguage,lowcodelanguage,mclanguage,forge- -Djava.net.preferIPv6Addresses=system -Dkotlinx.coroutines.debug.enable.creation.stack.trace=false -Dkotlinx.coroutines.debug.enable.flows.stack.trace=true -Dkotlinx.coroutines.debug.enable.mutable.state.flows.stack.trace=true -DlegacyClassPath.file=D:\aelig\Documents\maison\minecraft\java\mes mods\java\CIF\build\classpath\runClient_minecraftClasspath.txt -DmergeModules=jna-5.10.0.jar,jna-platform-5.10.0.jar -Dmixin.env.refMapRemappingFile=D:\aelig\Documents\maison\minecraft\java\mes mods\java\CIF\build\createSrgToMcp\output.srg -Dmixin.env.remapRefMap=true -Dnet.minecraftforge.gradle.GradleStart.srg.srg-mcp=D:\aelig\Documents\maison\minecraft\java\mes mods\java\CIF\build\createSrgToMcp\output.srg --module-path=C:\Users\aelig\.gradle\caches\modules-2\files-2.1\cpw.mods\bootstraplauncher\1.1.2\c546e00443d8432cda6baa1c860346980742628\bootstraplauncher-1.1.2.jar;C:\Users\aelig\.gradle\caches\modules-2\files-2.1\cpw.mods\securejarhandler\2.1.10\51e6a22c6c716beb11e244bf5b8be480f51dd6b5\securejarhandler-2.1.10.jar;C:\Users\aelig\.gradle\caches\modules-2\files-2.1\org.ow2.asm\asm-commons\9.7.1\406c6a2225cfe1819f102a161e54cc16a5c24f75\asm-commons-9.7.1.jar;C:\Users\aelig\.gradle\caches\modules-2\files-2.1\org.ow2.asm\asm-util\9.7.1\9e23359b598ec6b74b23e53110dd5c577adf2243\asm-util-9.7.1.jar;C:\Users\aelig\.gradle\caches\modules-2\files-2.1\org.ow2.asm\asm-analysis\9.7.1\f97a3b319f0ed6a8cd944dc79060d3912a28985f\asm-analysis-9.7.1.jar;C:\Users\aelig\.gradle\caches\modules-2\files-2.1\org.ow2.asm\asm-tree\9.7.1\3a53139787663b139de76b627fca0084ab60d32c\asm-tree-9.7.1.jar;C:\Users\aelig\.gradle\caches\modules-2\files-2.1\org.ow2.asm\asm\9.7.1\f0ed132a49244b042cd0e15702ab9f2ce3cc8436\asm-9.7.1.jar;C:\Users\aelig\.gradle\caches\modules-2\files-2.1\net.minecraftforge\JarJarFileSystems\0.3.19\2464eb7d6b9ddb9db36a82cf8a95193e5c6fe020\JarJarFileSystems-0.3.19.jar --add-modules=ALL-MODULE-PATH --add-opens=java.base/java.util.jar=cpw.mods.securejarhandler --add-opens=java.base/java.lang.invoke=cpw.mods.securejarhandler --add-exports=java.base/sun.security.util=cpw.mods.securejarhandler --add-exports=jdk.naming.dns/com.sun.jndi.dns=java.naming -XX:HeapDumpPath=MojangTricksIntelDriversForPerformance_javaw.exe_minecraft.exe.heapdump --module-path=C:\Users\aelig\.gradle\caches\modules-2\files-2.1\cpw.mods\bootstraplauncher\1.1.2\c546e00443d8432cda6baa1c860346980742628\bootstraplauncher-1.1.2.jar;C:\Users\aelig\.gradle\caches\modules-2\files-2.1\cpw.mods\securejarhandler\2.1.10\51e6a22c6c716beb11e244bf5b8be480f51dd6b5\securejarhandler-2.1.10.jar;C:\Users\aelig\.gradle\caches\modules-2\files-2.1\org.ow2.asm\asm-commons\9.7.1\406c6a2225cfe1819f102a161e54cc16a5c24f75\asm-commons-9.7.1.jar;C:\Users\aelig\.gradle\caches\modules-2\files-2.1\org.ow2.asm\asm-util\9.7.1\9e23359b598ec6b74b23e53110dd5c577adf2243\asm-util-9.7.1.jar;C:\Users\aelig\.gradle\caches\modules-2\files-2.1\org.ow2.asm\asm-analysis\9.7.1\f97a3b319f0ed6a8cd944dc79060d3912a28985f\asm-analysis-9.7.1.jar;C:\Users\aelig\.gradle\caches\modules-2\files-2.1\org.ow2.asm\asm-tree\9.7.1\3a53139787663b139de76b627fca0084ab60d32c\asm-tree-9.7.1.jar;C:\Users\aelig\.gradle\caches\modules-2\files-2.1\org.ow2.asm\asm\9.7.1\f0ed132a49244b042cd0e15702ab9f2ce3cc8436\asm-9.7.1.jar;C:\Users\aelig\.gradle\caches\modules-2\files-2.1\net.minecraftforge\JarJarFileSystems\0.3.19\2464eb7d6b9ddb9db36a82cf8a95193e5c6fe020\JarJarFileSystems-0.3.19.jar --add-modules=ALL-MODULE-PATH --add-opens=java.base/java.util.jar=cpw.mods.securejarhandler --add-opens=java.base/java.lang.invoke=cpw.mods.securejarhandler --add-exports=java.base/sun.security.util=cpw.mods.securejarhandler --add-exports=jdk.naming.dns/com.sun.jndi.dns=java.naming -XX:HeapDumpPath=MojangTricksIntelDriversForPerformance_javaw.exe_minecraft.exe.heapdump -agentlib:jdwp=transport=dt_socket,server=n,suspend=y,address=127.0.0.1:58928 -javaagent:C:\Users\aelig\AppData\Local\JetBrains\IdeaIC2025.1\captureAgent\debugger-agent.jar=file:///C:/Users/aelig/AppData/Local/Temp/capture2050449387539059170.props -Dfile.encoding=UTF-8 -Duser.country=FR -Duser.language=fr -Duser.variant cpw.mods.bootstraplauncher.BootstrapLauncher --launchTarget forgeclientuserdev --version MOD_DEV --assetIndex 5 --assetsDir C:\Users\aelig\.gradle\caches\forge_gradle\assets --gameDir . --fml.forgeVersion 47.4.0 --fml.mcVersion 1.20.1 --fml.forgeGroup net.minecraftforge --fml.mcpVersion 20230612.114412 --mixin.config cif.mixins.json

Host: AMD Ryzen 3 3200G with Radeon Vega Graphics    , 4 cores, 13G,  Windows 11 , 64 bit Build 26100 (10.0.26100.5074)
Time: Sun Sep 28 14:11:31 2025 Paris, Madrid (heure duild 26100 (10.0.26100.5074) elapsed time: 6.311168 seconds (0d 0h 0m 6s)

---------------  T H R E A D  ---------------

Current thread (0x00000225f5956830):  JavaThread "main"             [_thread_in_native, id=640, stack(0x00000091f8200000,0x00000091f8300000) (1024K)]

Stack: [0x00000091f8200000,0x00000091f8300000],  sp=0x00000091f82fe2c8,  free space=1016k
Native frames: (J=compiled Java code, j=interpreted, Vv=VM code, C=native code)
C  [jdwp.dll+0x26918]

Java frames: (J=compiled Java code, j=interpreted, Vv=VM code)
j  org.lwjgl.glfw.GLFW.glfwInit()Z+0 org.lwjgl.glfw@3.3.1+7
j  net.minecraftforge.fml.earlydisplay.DisplayWindow.initWindow(Ljava/lang/String;)V+4 fmlearlydisplay@1.20.1-47.4.0
j  net.minecraftforge.fml.earlydisplay.DisplayWindow.start(Ljava/lang/String;Ljava/lang/String;)Ljava/lang/Runnable;+14 fmlearlydisplay@1.20.1-47.4.0
j  net.minecraftforge.fml.earlydisplay.DisplayWindow.initialize([Ljava/lang/String;)Ljava/lang/Runnable;+402 fmlearlydisplay@1.20.1-47.4.0
j  net.minecraftforge.fml.loading.ImmediateWindowHandler.load(Ljava/lang/String;[Ljava/lang/String;)V+180 fmlloader@1.20.1-47.4.0
j  net.minecraftforge.fml.loading.ModDirTransformerDiscoverer.earlyInitialization(Ljava/lang/String;[Ljava/lang/String;)V+2 fmlloader@1.20.1-47.4.0
j  cpw.mods.modlauncher.TransformationServicesHandler.lambda$discoverServices$18(Lcpw/mods/modlauncher/ArgumentHandler$DiscoveryData;Lcpw/mods/modlauncher/serviceapi/ITransformerDiscoveryService;)V+9 cpw.mods.modlauncher@10.0.9
j  cpw.mods.modlauncher.TransformationServicesHandler$$Lambda+0x00000225962373b8.accept(Ljava/lang/Object;)V+8 cpw.mods.modlauncher@10.0.9
J 2442 c1 java.lang.Iterable.forEach(Ljava/util/function/Consumer;)V java.base@21.0.4 (39 bytes) @ 0x0000022580445924 [0x0000022580445620+0x0000000000000304]
j  cpw.mods.modlauncher.TransformationServicesHandler.discoverServices(Lcpw/mods/modlauncher/ArgumentHandler$DiscoveryData;)V+145 cpw.mods.modlauncher@10.0.9
j  cpw.mods.modlauncher.Launcher.run([Ljava/lang/String;)V+14 cpw.mods.modlauncher@10.0.9
j  cpw.mods.modlauncher.Launcher.main([Ljava/lang/String;)V+78 cpw.mods.modlauncher@10.0.9
j  cpw.mods.modlauncher.BootstrapLaunchConsumer.accept([Ljava/lang/String;)V+1 cpw.mods.modlauncher@10.0.9
j  cpw.mods.modlauncher.BootstrapLaunchConsumer.accept(Ljava/lang/Object;)V+5 cpw.mods.modlauncher@10.0.9
j  cpw.mods.bootstraplauncher.BootstrapLauncher.main([Ljava/lang/String;)V+515 cpw.mods.bootstraplauncher@1.1.2
v  ~StubRoutines::call_stub 0x000002258753100d

siginfo: EXCEPTION_ACCESS_VIOLATION (0xc0000005), reading address 0xffffffffffffffff


Registers:
RAX=0x00000225dc40c4f0, RBX=0x00000225ff07d780, RCX=0x00000225f5956be8, RDX=0x00000225ff07d780
RSP=0x00000091f82fe2c8, RBP=0x0000000000000002, RSI=0x00000091f82fe370, RDI=0x00000225f5956be8
R8 =0x0000000000010002, R9 =0x0000000000000000, R10=0x00007fff64bc0000, R11=0x00000091f82fe298
R12=0x0000000000000007, R13=0x00000225ff07d780, R14=0x00007fff64f30400, R15=0x0000000000000000
RIP=0x00007fff64f26918, EFLAGS=0x0000000000010206


Register to memory mapping:

RAX=0x00000225dc40c4f0 points into unknown readable memory: 0x0000000000000000 | 00 00 00 00 00 00 00 00
RBX=0x00000225ff07d780 points into unknown readable memory: 0x0000000721831830 | 30 18 83 21 07 00 00 00
RCX=0x00000225f5956be8 points into unknown readable memory: 0x00000225dc40c4f0 | f0 c4 40 dc 25 02 00 00
RDX=0x00000225ff07d780 points into unknown readable memory: 0x0000000721831830 | 30 18 83 21 07 00 00 00
RSP=0x00000091f82fe2c8 is pointing into the stack for thread: 0x00000225f5956830
RBP=0x0000000000000002 is an unknown value
RSI=0x00000091f82fe370 is pointing into the stack for thread: 0x00000225f5956830
RDI=0x00000225f5956be8 points into unknown readable memory: 0x00000225dc40c4f0 | f0 c4 40 dc 25 02 00 00
R8 =0x0000000000010002 is an unknown value
R9 =0x0 is null
R10=0x00007fff64bc0000 VCRUNTIME140.dll
R11=0x00000091f82fe298 is pointing into the stack for thread: 0x00000225f5956830
R12=0x0000000000000007 is an unknown value
R13=0x00000225ff07d780 points into unknown readable memory: 0x0000000721831830 | 30 18 83 21 07 00 00 00
R14=0x00007fff64f30400 jdwp.dll
R15=0x0 is null

Top of Stack: (sp=0x00000091f82fe2c8)
0x00000091f82fe2c8:   00007fff64f161bf 00000225ff07d780
0x00000091f82fe2d8:   00000091f82fe370 0000000000000000
0x00000091f82fe2e8:   0000000000000000 00007ffecbec7e18
0x00000091f82fe2f8:   00000225949c2a90 00000225f364bc00
0x00000091f82fe308:   00007fff64f30428 00000225f5956e08
0x00000091f82fe318:   00007fff64f1283f 00000225ff07d780
0x00000091f82fe328:   0000000000000002 00000225f5956be8
0x00000091f82fe338:   00000225ff07d788 00000091f82fe530
0x00000091f82fe348:   00000225fef204f0 0000000594c80100
0x00000091f82fe358:   0000022596283c00 0000000000000000
0x00000091f82fe368:   0000000bffffffff 0000000000000007
0x00000091f82fe378:   00000225ff07d780 0000000000000000
0x00000091f82fe388:   00000225ff07d788 0000000000000000
0x00000091f82fe398:   0000000000000000 0000000000000000
0x00000091f82fe3a8:   0000000000000000 0000000000000000
0x00000091f82fe3b8:   0000000000000000 0000000000000000
0x00000091f82fe3c8:   00000225f5956e08 0000022596283c00
0x00000091f82fe3d8:   00007ffecb817fa7 00000225ff07d788
0x00000091f82fe3e8:   0000022594add2f0 00000225f5956830
0x00000091f82fe3f8:   00007ffecb5230f2 0000e5656e090a67
0x00000091f82fe408:   00000225f3635130 00000225f5956830
0x00000091f82fe418:   00000225d727bd01 00000091f82fe4b0
0x00000091f82fe428:   00007ffecb51f990 0000022596283c00
0x00000091f82fe438:   0000000000000000 00000225f591a750
0x00000091f82fe448:   00000225f5956ea0 00000225f5956eb0
0x00000091f82fe458:   00000225f5957288 00000000000003d8
0x00000091f82fe468:   00000225f5956830 00000225f5956830
0x00000091f82fe478:   00000225f5919dd0 00000225f3629a00
0x00000091f82fe488:   00000225f3629a10 00000225f3629ae8
0x00000091f82fe498:   00000000000000d8 00000091f82fe4b0
0x00000091f82fe4a8:   00007ffecb519d41 00000225f5956830
0x00000091f82fe4b8:   00000225f5919dd0 00000225f3629a00 

Instructions: (pc=0x00007fff64f26918)
0x00007fff64f26818:   05 e3 08 01 00 48 8b 03 48 8b d7 4d 8b 40 30 48
0x00007fff64f26828:   8b cb 48 8b 5c 24 30 48 83 c4 20 5f 48 ff a0 00
0x00007fff64f26838:   01 00 00 cc 48 89 5c 24 08 57 48 83 ec 20 48 8b
0x00007fff64f26848:   f9 e8 f2 ea ff ff 4c 8b 05 ab 08 01 00 48 8b d8
0x00007fff64f26858:   41 f6 80 10 02 00 00 02 74 33 41 b8 20 06 00 00
0x00007fff64f26868:   48 8d 15 19 c4 00 00 48 8d 0d 8e 5b 00 00 e8 d9
0x00007fff64f26878:   48 ff ff 48 8d 15 56 9a 00 00 48 8d 0d 8f 5b 00
0x00007fff64f26888:   00 e8 6e 49 ff ff 4c 8b 05 6b 08 01 00 48 8b 03
0x00007fff64f26898:   48 8b d7 4d 8b 40 38 48 8b cb 48 8b 5c 24 30 48
0x00007fff64f268a8:   83 c4 20 5f 48 ff a0 00 01 00 00 cc 48 89 5c 24
0x00007fff64f268b8:   08 57 48 83 ec 20 48 8b f9 e8 7a ea ff ff 48 8b
0x00007fff64f268c8:   15 33 08 01 00 48 8b d8 f6 82 10 02 00 00 02 74
0x00007fff64f268d8:   2c 41 b8 12 06 00 00 48 8d 15 a2 c3 00 00 48 8d
0x00007fff64f268e8:   0d 17 5b 00 00 e8 62 48 ff ff 48 8d 15 f7 6b 00
0x00007fff64f268f8:   00 48 8d 0d 18 5b 00 00 e8 f7 48 ff ff 48 8b 03
0x00007fff64f26908:   48 8b d7 48 8b cb 48 8b 5c 24 30 48 83 c4 20 5f
0x00007fff64f26918:   48 ff a0 50 07 00 00 cc 48 89 5c 24 08 48 89 74
0x00007fff64f26928:   24 10 48 89 7c 24 18 41 56 48 83 ec 20 4c 63 f2
0x00007fff64f26938:   49 8b d8 48 8b d1 41 8b f9 48 8b cb 4d 8d 46 ff
0x00007fff64f26948:   ff 15 22 59 00 00 85 c0 75 3c 41 0f be 44 1e ff
0x00007fff64f26958:   3b c7 75 32 49 03 de eb 10 0f be c8 ff 15 f6 58
0x00007fff64f26968:   00 00 85 c0 74 09 48 ff c3 8a 03 84 c0 75 ea 80
0x00007fff64f26978:   3b 3b 74 12 8b d7 48 8b cb e8 2c 4b 00 00 48 85
0x00007fff64f26988:   c0 0f 94 c0 eb 02 32 c0 48 8b 5c 24 30 48 8b 74
0x00007fff64f26998:   24 38 48 8b 7c 24 40 48 83 c4 20 41 5e c3 cc cc
0x00007fff64f269a8:   0f b6 d1 83 fa 1e 0f 87 83 00 00 00 74 7b 83 fa
0x00007fff64f269b8:   07 77 41 74 39 83 ea 01 74 2e 83 ea 01 74 23 83
0x00007fff64f269c8:   ea 01 74 18 83 ea 01 74 0d 83 fa 02 0f 85 8a 00
0x00007fff64f269d8:   00 00 8d 42 03 c3 b8 04 00 00 00 c3 b8 03 00 00
0x00007fff64f269e8:   00 c3 b8 02 00 00 00 c3 b8 01 00 00 00 c3 b8 06
0x00007fff64f269f8:   00 00 00 c3 b8 08 00 00 00 2b d0 74 26 83 ea 01
0x00007fff64f26a08:   0f 84 88 00 00 00 83 ea 01 74 12 b8 0a 00 00 00 


Stack slot to memory mapping:

stack at sp + 0 slots: 0x00007fff64f161bf jdwp.dll
stack at sp + 1 slots: 0x00000225ff07d780 points into unknown readable memory: 0x0000000721831830 | 30 18 83 21 07 00 00 00
stack at sp + 2 slots: 0x00000091f82fe370 is pointing into the stack for thread: 0x00000225f5956830
stack at sp + 3 slots: 0x0 is null
stack at sp + 4 slots: 0x0 is null
stack at sp + 5 slots: 0x00007ffecbec7e18 jvm.dll
stack at sp + 6 slots: 0x00000225949c2a90 points into unknown readable memory: 0x0000022587ad0010 | 10 00 ad 87 25 02 00 00
stack at sp + 7 slots: 0x00000225f364bc00 points into unknown readable memory: 0x8000001600000001 | 01 00 00 00 16 00 00 80


Compiled method (c1)    6373 2442       3       java.lang.Iterable::forEach (39 bytes)
 total in heap  [0x0000022580445410,0x0000022580445e48] = 2616
 relocation     [0x0000022580445568,0x0000022580445618] = 176
 main code      [0x0000022580445620,0x0000022580445be8] = 1480
 stub code      [0x0000022580445be8,0x0000022580445c70] = 136
 metadata       [0x0000022580445c70,0x0000022580445c80] = 16
 scopes data    [0x0000022580445c80,0x0000022580445d28] = 168
 scopes pcs     [0x0000022580445d28,0x0000022580445e28] = 256
 dependencies   [0x0000022580445e28,0x0000022580445e30] = 8
 nul chk table  [0x0000022580445e30,0x0000022580445e48] = 24

[Constant Pool (empty)]

[MachCode]
[Entry Point]
  # {method} {0x0000022595057820} 'forEach' '(Ljava/util/function/Consumer;)V' in 'java/lang/Iterable'
  # this:     rdx:rdx   = 'java/lang/Iterable'
  # parm0:    r8:r8     = 'java/util/function/Consumer'
  #           [sp+0x70]  (sp of caller)
  0x0000022580445620: 448b 5208 | 49bb 0000 | 0095 2502 | 0000 4d03 | d34c 3bd0 

  0x0000022580445634: ;   {runtime_call ic_miss_stub}
  0x0000022580445634: 0f85 4691 | 1307 660f | 1f44 0000 
[Verified Entry Point]
  0x0000022580445640: 8984 2400 | 80ff ff55 | 4883 ec60 | 4181 7f20 | 0100 0000 

  0x0000022580445654: ;   {runtime_call StubRoutines (final stubs)}
  0x0000022580445654: 7405 e805 | f711 0748 | 8954 2438 | 4c89 4424 

  0x0000022580445664: ;   {metadata(method data for {method} {0x0000022595057820} 'forEach' '(Ljava/util/function/Consumer;)V' in 'java/lang/Iterable')}
  0x0000022580445664: 3048 be78 | 726a d625 | 0200 008b | becc 0000 | 0083 c702 | 89be cc00 | 0000 81e7 | fe07 0000 
  0x0000022580445684: 85ff 0f84 | 8504 0000 

  0x000002258044568c: ;   {metadata(method data for {method} {0x0000022595057820} 'forEach' '(Ljava/util/function/Consumer;)V' in 'java/lang/Iterable')}
  0x000002258044568c: 48be 7872 | 6ad6 2502 | 0000 4883 | 8610 0100 

  0x000002258044569c: ;   {metadata(method data for {method} {0x0000022595056a28} 'requireNonNull' '(Ljava/lang/Object;)Ljava/lang/Object;' in 'java/util/Objects')}
  0x000002258044569c: 0001 48be | 0811 01d6 | 2502 0000 | 8bbe cc00 | 0000 83c7 | 0289 becc | 0000 0081 | e7fe ff1f 
  0x00000225804456bc: 0085 ff0f | 846d 0400 | 004d 85c0 

  0x00000225804456c8: ;   {metadata(method data for {method} {0x0000022595056a28} 'requireNonNull' '(Ljava/lang/Object;)Ljava/lang/Object;' in 'java/util/Objects')}
  0x00000225804456c8: 48be 0811 | 01d6 2502 | 0000 48bf | 2001 0000 | 0000 0000 | 740a 48bf | 1001 0000 | 0000 0000 
  0x00000225804456e8: 488b 1c3e | 488d 5b01 | 4889 1c3e | 0f84 7103 | 0000 488b 

  0x00000225804456fc: ;   {metadata(method data for {method} {0x0000022595057820} 'forEach' '(Ljava/util/function/Consumer;)V' in 'java/lang/Iterable')}
  0x00000225804456fc: f248 bf78 | 726a d625 | 0200 008b | 7608 49ba | 0000 0095 | 2502 0000 | 4903 f248 | 3bb7 3001 
  0x000002258044571c: 0000 750d | 4883 8738 | 0100 0001 | e960 0000 | 0048 3bb7 | 4001 0000 | 750d 4883 | 8748 0100 
  0x000002258044573c: 0001 e94a | 0000 0048 | 83bf 3001 | 0000 0075 | 1748 89b7 | 3001 0000 | 48c7 8738 | 0100 0001 
  0x000002258044575c: 0000 00e9 | 2900 0000 | 4883 bf40 | 0100 0000 | 7517 4889 | b740 0100 | 0048 c787 | 4801 0000 
  0x000002258044577c: 0100 0000 | e908 0000 | 0048 8387 | 2001 0000 | 0148 8bf2 | 488b d666 | 9048 b8a0 | 43e0 da25 
  0x000002258044579c: ;   {virtual_call}
  0x000002258044579c: 0200 00e8 

  0x00000225804457a0: ; ImmutableOopMap {[48]=Oop [56]=Oop }
                      ;*invokeinterface iterator {reexecute=0 rethrow=0 return_oop=0}
                      ; - java.lang.Iterable::forEach@6 (line 74)
  0x00000225804457a0: ecd3 2107 

  0x00000225804457a4: ;   {other}
  0x00000225804457a4: 0f1f 8400 | 9403 0000 | 4889 4424 | 40e9 bc01 | 0000 6690 | 488b 4424 

  0x00000225804457bc: ;   {metadata(method data for {method} {0x0000022595057820} 'forEach' '(Ljava/util/function/Consumer;)V' in 'java/lang/Iterable')}
  0x00000225804457bc: 4048 ba78 | 726a d625 | 0200 008b | 4008 49ba | 0000 0095 | 2502 0000 | 4903 c248 | 3b82 c001 
  0x00000225804457dc: 0000 750d | 4883 82c8 | 0100 0001 | e960 0000 | 0048 3b82 | d001 0000 | 750d 4883 | 82d8 0100 
  0x00000225804457fc: 0001 e94a | 0000 0048 | 83ba c001 | 0000 0075 | 1748 8982 | c001 0000 | 48c7 82c8 | 0100 0001 
  0x000002258044581c: 0000 00e9 | 2900 0000 | 4883 bad0 | 0100 0000 | 7517 4889 | 82d0 0100 | 0048 c782 | d801 0000 
  0x000002258044583c: 0100 0000 | e908 0000 | 0048 8382 | b001 0000 | 0148 8b54 | 2440 6666 | 9048 b850 | 4be0 da25 
  0x000002258044585c: ;   {virtual_call}
  0x000002258044585c: 0200 00e8 

  0x0000022580445860: ; ImmutableOopMap {[48]=Oop [56]=Oop [64]=Oop }
                      ;*invokeinterface next {reexecute=0 rethrow=0 return_oop=0}
                      ; - java.lang.Iterable::forEach@22 (line 74)
  0x0000022580445860: c4d6 2107 

  0x0000022580445864: ;   {other}
  0x0000022580445864: 0f1f 8400 | 5404 0001 | 4c8b 4424 | 3049 3b00 

  0x0000022580445874: ;   {metadata(method data for {method} {0x0000022595057820} 'forEach' '(Ljava/util/function/Consumer;)V' in 'java/lang/Iterable')}
  0x0000022580445874: 498b d048 | be78 726a | d625 0200 | 008b 5208 | 49ba 0000 | 0095 2502 | 0000 4903 | d248 3b96 
  0x0000022580445894: f801 0000 | 750d 4883 | 8600 0200 | 0001 e960 | 0000 0048 | 3b96 0802 | 0000 750d | 4883 8610 
  0x00000225804458b4: 0200 0001 | e94a 0000 | 0048 83be | f801 0000 | 0075 1748 | 8996 f801 | 0000 48c7 | 8600 0200 
  0x00000225804458d4: 0001 0000 | 00e9 2900 | 0000 4883 | be08 0200 | 0000 7517 | 4889 9608 | 0200 0048 | c786 1002 
  0x00000225804458f4: 0000 0100 | 0000 e908 | 0000 0048 | 8386 e801 | 0000 0149 | 8bf0 4c8b | c048 8bd6 | 4889 4424 
  0x0000022580445914: 4848 b870 | d4b8 dc25 

  0x000002258044591c: ;   {virtual_call}
  0x000002258044591c: 0200 00e8 

  0x0000022580445920: ; ImmutableOopMap {[48]=Oop [56]=Oop [64]=Oop [72]=Oop }
                      ;*invokeinterface accept {reexecute=0 rethrow=0 return_oop=0}
                      ; - java.lang.Iterable::forEach@30 (line 75)
  0x0000022580445920: 6cd2 2107 

  0x0000022580445924: ;   {other}
  0x0000022580445924: 0f1f 8400 | 1405 0002 

  0x000002258044592c: ;   {metadata(method data for {method} {0x0000022595057820} 'forEach' '(Ljava/util/function/Consumer;)V' in 'java/lang/Iterable')}
  0x000002258044592c: 48ba 7872 | 6ad6 2502 | 0000 8bb2 | d000 0000 | 83c6 0289 | b2d0 0000 | 0081 e6fe | 3f00 0085 
  0x000002258044594c: f60f 8405 | 0200 004d | 8b97 5804 

  0x0000022580445958: ; ImmutableOopMap {[48]=Oop [56]=Oop [64]=Oop [72]=Oop }
                      ;*goto {reexecute=1 rethrow=0 return_oop=0}
                      ; - (reexecute) java.lang.Iterable::forEach@35 (line 76)
                      ;   {poll}
  0x0000022580445958: 0000 4185 

  0x000002258044595c: ;   {metadata(method data for {method} {0x0000022595057820} 'forEach' '(Ljava/util/function/Consumer;)V' in 'java/lang/Iterable')}
  0x000002258044595c: 0248 ba78 | 726a d625 | 0200 00ff | 8220 0200 | 0048 8b44 | 2440 483b | 0048 8bd0 

  0x0000022580445978: ;   {metadata(method data for {method} {0x0000022595057820} 'forEach' '(Ljava/util/function/Consumer;)V' in 'java/lang/Iterable')}
  0x0000022580445978: 48be 7872 | 6ad6 2502 | 0000 8b52 | 0849 ba00 | 0000 9525 | 0200 0049 | 03d2 483b | 9668 0100 
  0x0000022580445998: 0075 0d48 | 8386 7001 | 0000 01e9 | 6000 0000 | 483b 9678 | 0100 0075 | 0d48 8386 | 8001 0000 
  0x00000225804459b8: 01e9 4a00 | 0000 4883 | be68 0100 | 0000 7517 | 4889 9668 | 0100 0048 | c786 7001 | 0000 0100 
  0x00000225804459d8: 0000 e929 | 0000 0048 | 83be 7801 | 0000 0075 | 1748 8996 | 7801 0000 | 48c7 8680 | 0100 0001 
  0x00000225804459f8: 0000 00e9 | 0800 0000 | 4883 8658 | 0100 0001 | 488b d066 | 9048 b880 | 48e0 da25 

  0x0000022580445a14: ;   {virtual_call}
  0x0000022580445a14: 0200 00e8 

  0x0000022580445a18: ; ImmutableOopMap {[48]=Oop [56]=Oop [64]=Oop }
                      ;*invokeinterface hasNext {reexecute=0 rethrow=0 return_oop=0}
                      ; - java.lang.Iterable::forEach@13 (line 74)
  0x0000022580445a18: 84d2 2107 

  0x0000022580445a1c: ;   {other}
  0x0000022580445a1c: 0f1f 8400 | 0c06 0004 

  0x0000022580445a24: ;   {metadata(method data for {method} {0x0000022595057820} 'forEach' '(Ljava/util/function/Consumer;)V' in 'java/lang/Iterable')}
  0x0000022580445a24: 85c0 48ba | 7872 6ad6 | 2502 0000 | 48be a001 | 0000 0000 | 0000 750a | 48be 9001 | 0000 0000 
  0x0000022580445a44: 0000 488b | 3c32 488d | 7f01 4889 | 3c32 0f85 | 60fd ffff | 4883 c460 

  0x0000022580445a5c: ;   {poll_return}
  0x0000022580445a5c: 5d49 3ba7 | 5004 0000 | 0f87 1401 | 0000 c30f | 1f44 0000 

  0x0000022580445a70: ;   {no_reloc}
  0x0000022580445a70: e92e 0100 | 0000 0000 | 0000 498b | 87b8 0100 | 0048 8d78 | 3049 3bbf | c801 0000 | 0f87 1b01 
  0x0000022580445a90: 0000 4989 | bfb8 0100 | 0048 c700 | 0100 0000 | 488b ca49 | ba00 0000 | 9525 0200 | 0049 2bca 
  0x0000022580445ab0: 8948 0848 | 33c9 8948 | 0c48 33c9 | 4889 4810 | 4889 4818 | 4889 4820 | 4889 4828 

  0x0000022580445acc: ;   {metadata(method data for {method} {0x0000022595056a28} 'requireNonNull' '(Ljava/lang/Object;)Ljava/lang/Object;' in 'java/util/Objects')}
  0x0000022580445acc: 488b d048 | be08 1101 | d625 0200 | 0048 8386 | 3001 0000 | 0148 8bd0 | 4889 4424 | 5066 0f1f 
  0x0000022580445aec: ;   {optimized virtual_call}
  0x0000022580445aec: 4400 00e8 

  0x0000022580445af0: ; ImmutableOopMap {[48]=Oop [56]=Oop [80]=Oop }
                      ;*invokespecial <init> {reexecute=0 rethrow=0 return_oop=0}
                      ; - java.util.Objects::requireNonNull@8 (line 233)
                      ; - java.lang.Iterable::forEach@1 (line 73)
  0x0000022580445af0: 8c8f 1307 

  0x0000022580445af4: ;   {other}
  0x0000022580445af4: 0f1f 8400 | e406 0005 | 488b 4424 

  0x0000022580445b00: ; ImmutableOopMap {rax=Oop [48]=Oop [56]=Oop }
                      ;*athrow {reexecute=1 rethrow=0 return_oop=0}
                      ; - (reexecute) java.util.Objects::requireNonNull@11 (line 233)
                      ; - java.lang.Iterable::forEach@1 (line 73)
                      ;   {section_word}
  0x0000022580445b00: 5048 ba01 | 5b44 8025 

  0x0000022580445b08: ;   {runtime_call handle_exception_nofpu Runtime1 stub}
  0x0000022580445b08: 0200 00e8 | f0ca 2007 

  0x0000022580445b10: ;   {metadata({method} {0x0000022595057820} 'forEach' '(Ljava/util/function/Consumer;)V' in 'java/lang/Iterable')}
  0x0000022580445b10: 9049 ba18 | 7805 9525 | 0200 004c | 8954 2408 | 48c7 0424 | ffff ffff 

  0x0000022580445b28: ;   {runtime_call counter_overflow Runtime1 stub}
  0x0000022580445b28: e8d3 0321 

  0x0000022580445b2c: ; ImmutableOopMap {rdx=Oop r8=Oop [48]=Oop [56]=Oop }
                      ;*synchronization entry
                      ; - java.lang.Iterable::forEach@-1 (line 73)
  0x0000022580445b2c: 07e9 5afb 

  0x0000022580445b30: ;   {metadata({method} {0x0000022595056a28} 'requireNonNull' '(Ljava/lang/Object;)Ljava/lang/Object;' in 'java/util/Objects')}
  0x0000022580445b30: ffff 49ba | 206a 0595 | 2502 0000 | 4c89 5424 | 0848 c704 | 24ff ffff 

  0x0000022580445b48: ;   {runtime_call counter_overflow Runtime1 stub}
  0x0000022580445b48: ffe8 b203 

  0x0000022580445b4c: ; ImmutableOopMap {rdx=Oop r8=Oop [48]=Oop [56]=Oop }
                      ;*synchronization entry
                      ; - java.util.Objects::requireNonNull@-1 (line 232)
                      ; - java.lang.Iterable::forEach@1 (line 73)
  0x0000022580445b4c: 2107 e972 

  0x0000022580445b50: ;   {runtime_call throw_null_pointer_exception Runtime1 stub}
  0x0000022580445b50: fbff ffe8 

  0x0000022580445b54: ; ImmutableOopMap {rax=Oop r8=Oop [48]=Oop [56]=Oop [64]=Oop }
                      ;*invokeinterface accept {reexecute=0 rethrow=0 return_oop=0}
                      ; - java.lang.Iterable::forEach@30 (line 75)
  0x0000022580445b54: a8b2 2007 

  0x0000022580445b58: ;   {metadata({method} {0x0000022595057820} 'forEach' '(Ljava/util/function/Consumer;)V' in 'java/lang/Iterable')}
  0x0000022580445b58: 49ba 1878 | 0595 2502 | 0000 4c89 | 5424 0848 | c704 2423 

  0x0000022580445b6c: ;   {runtime_call counter_overflow Runtime1 stub}
  0x0000022580445b6c: 0000 00e8 

  0x0000022580445b70: ; ImmutableOopMap {[48]=Oop [56]=Oop [64]=Oop [72]=Oop }
                      ;*goto {reexecute=1 rethrow=0 return_oop=0}
                      ; - (reexecute) java.lang.Iterable::forEach@35 (line 76)
  0x0000022580445b70: 8c03 2107 | e9da fdff 

  0x0000022580445b78: ;   {runtime_call throw_null_pointer_exception Runtime1 stub}
  0x0000022580445b78: ffe8 82b2 

  0x0000022580445b7c: ; ImmutableOopMap {rax=Oop [48]=Oop [56]=Oop [64]=Oop }
                      ;*invokeinterface hasNext {reexecute=0 rethrow=0 return_oop=0}
                      ; - java.lang.Iterable::forEach@13 (line 74)
                      ;   {internal_word}
  0x0000022580445b7c: 2007 49ba | 5d5a 4480 | 2502 0000 | 4d89 9768 

  0x0000022580445b8c: ;   {runtime_call SafepointBlob}
  0x0000022580445b8c: 0400 00e9 | 6cfb 1307 

  0x0000022580445b94: ;   {metadata(nullptr)}
  0x0000022580445b94: 48ba 0000 | 0000 0000 | 0000 b800 

  0x0000022580445ba0: ;   {runtime_call load_klass_patching Runtime1 stub}
  0x0000022580445ba0: 0f05 0ae8 

  0x0000022580445ba4: ; ImmutableOopMap {[48]=Oop [56]=Oop }
                      ;*new {reexecute=1 rethrow=0 return_oop=0}
                      ; - (reexecute) java.util.Objects::requireNonNull@4 (line 233)
                      ; - java.lang.Iterable::forEach@1 (line 73)
  0x0000022580445ba4: d8f2 2007 | e9c3 feff | ff48 8bd2 

  0x0000022580445bb0: ;   {runtime_call fast_new_instance Runtime1 stub}
  0x0000022580445bb0: e84b bb20 

  0x0000022580445bb4: ; ImmutableOopMap {[48]=Oop [56]=Oop }
                      ;*new {reexecute=0 rethrow=0 return_oop=0}
                      ; - java.util.Objects::requireNonNull@4 (line 233)
                      ; - java.lang.Iterable::forEach@1 (line 73)
  0x0000022580445bb4: 07e9 12ff | ffff 498b | 8700 0500 | 0049 c787 | 0005 0000 | 0000 0000 | 49c7 8708 | 0500 0000 
  0x0000022580445bd4: 0000 0048 | 83c4 605d 

  0x0000022580445bdc: ;   {runtime_call unwind_exception Runtime1 stub}
  0x0000022580445bdc: e91f a320 | 07f4 f4f4 | f4f4 f4f4 
[Stub Code]
  0x0000022580445be8: ;   {no_reloc}
  0x0000022580445be8: 0f1f 4400 

  0x0000022580445bec: ;   {static_stub}
  0x0000022580445bec: 0048 bb00 | 0000 0000 

  0x0000022580445bf4: ;   {runtime_call}
  0x0000022580445bf4: 0000 00e9 | fbff ffff 

  0x0000022580445bfc: ;   {static_stub}
  0x0000022580445bfc: 9048 bb00 | 0000 0000 

  0x0000022580445c04: ;   {runtime_call}
  0x0000022580445c04: 0000 00e9 | fbff ffff 

  0x0000022580445c0c: ;   {static_stub}
  0x0000022580445c0c: 9048 bb00 | 0000 0000 

  0x0000022580445c14: ;   {runtime_call}
  0x0000022580445c14: 0000 00e9 | fbff ffff 

  0x0000022580445c1c: ;   {static_stub}
  0x0000022580445c1c: 9048 bb00 | 0000 0000 

  0x0000022580445c24: ;   {runtime_call}
  0x0000022580445c24: 0000 00e9 | fbff ffff 

  0x0000022580445c2c: ;   {static_stub}
  0x0000022580445c2c: 48bb 0000 | 0000 0000 

  0x0000022580445c34: ;   {runtime_call}
  0x0000022580445c34: 0000 e9fb 

  0x0000022580445c38: ;   {runtime_call handle_exception_from_callee Runtime1 stub}
  0x0000022580445c38: ffff ffe8 | c0cf 2007 

  0x0000022580445c40: ;   {external_word}
  0x0000022580445c40: 48b9 d0f7 | c2cb fe7f | 0000 4883 

  0x0000022580445c4c: ;   {runtime_call}
  0x0000022580445c4c: e4f0 48b8 | a012 8bcb | fe7f 0000 

  0x0000022580445c58: ;   {section_word}
  0x0000022580445c58: ffd0 f449 | ba5b 5c44 | 8025 0200 

  0x0000022580445c64: ;   {runtime_call DeoptimizationBlob}
  0x0000022580445c64: 0041 52e9 | 34ed 1307 | f4f4 f4f4 
[/MachCode]


---------------  P R O C E S S  ---------------

Threads class SMR info:
_java_thread_list=0x00000225dc66c3e0, length=16, elements={
0x00000225f5956830, 0x00000225ff099030, 0x00000225ff099950, 0x00000225ff0a6160,
0x00000225ff0a87e0, 0x00000225ff0ada90, 0x00000225ff0ae8a0, 0x00000225ff0af780,
0x0000022594920090, 0x0000022594a24870, 0x0000022594a3aca0, 0x0000022594d096a0,
0x0000022594cfe5a0, 0x0000022594cfec20, 0x0000022594b6f7e0, 0x0000022594c935a0
}

Java Threads: ( => current thread )
=>0x00000225f5956830 JavaThread "main"                              [_thread_in_native, id=640, stack(0x00000091f8200000,0x00000091f8300000) (1024K)]
  0x00000225ff099030 JavaThread "Reference Handler"          daemon [_thread_blocked, id=11096, stack(0x00000091f8a00000,0x00000091f8b00000) (1024K)]
  0x00000225ff099950 JavaThread "Finalizer"                  daemon [_thread_blocked, id=16812, stack(0x00000091f8b00000,0x00000091f8c00000) (1024K)]
  0x00000225ff0a6160 JavaThread "Signal Dispatcher"          daemon [_thread_blocked, id=2848, stack(0x00000091f8c00000,0x00000091f8d00000) (1024K)]
  0x00000225ff0a87e0 JavaThread "Attach Listener"            daemon [_thread_blocked, id=22708, stack(0x00000091f8d00000,0x00000091f8e00000) (1024K)]
  0x00000225ff0ada90 JavaThread "Service Thread"             daemon [_thread_blocked, id=24024, stack(0x00000091f8e00000,0x00000091f8f00000) (1024K)]
  0x00000225ff0ae8a0 JavaThread "Monitor Deflation Thread"   daemon [_thread_blocked, id=8964, stack(0x00000091f8f00000,0x00000091f9000000) (1024K)]
  0x00000225ff0af780 JavaThread "C2 CompilerThread0"         daemon [_thread_blocked, id=10460, stack(0x00000091f9000000,0x00000091f9100000) (1024K)]
  0x0000022594920090 JavaThread "C1 CompilerThread0"         daemon [_thread_blocked, id=6236, stack(0x00000091f9100000,0x00000091f9200000) (1024K)]
  0x0000022594a24870 JavaThread "Common-Cleaner"             daemon [_thread_blocked, id=19592, stack(0x00000091f9200000,0x00000091f9300000) (1024K)]
  0x0000022594a3aca0 JavaThread "C2 CompilerThread1"         daemon [_thread_in_native, id=23936, stack(0x00000091f9300000,0x00000091f9400000) (1024K)]
  0x0000022594d096a0 JavaThread "JDWP Transport Listener: dt_socket" daemon [_thread_blocked, id=7104, stack(0x00000091f9400000,0x00000091f9500000) (1024K)]
  0x0000022594cfe5a0 JavaThread "JDWP Event Helper Thread"   daemon [_thread_blocked, id=25252, stack(0x00000091f9500000,0x00000091f9600000) (1024K)]
  0x0000022594cfec20 JavaThread "JDWP Command Reader"        daemon [_thread_in_native, id=11984, stack(0x00000091f9600000,0x00000091f9700000) (1024K)]
  0x0000022594b6f7e0 JavaThread "IntelliJ Suspend Helper"    daemon [_thread_blocked, id=5008, stack(0x00000091f9700000,0x00000091f9800000) (1024K)]
  0x0000022594c935a0 JavaThread "Notification Thread"        daemon [_thread_blocked, id=24656, stack(0x00000091f9800000,0x00000091f9900000) (1024K)]
Total: 16

Other Threads:
  0x00000225ff07a850 VMThread "VM Thread"                           [id=1728, stack(0x00000091f8900000,0x00000091f8a00000) (1024K)]
  0x00000225ff066340 WatcherThread "VM Periodic Task Thread"        [id=13212, stack(0x00000091f8800000,0x00000091f8900000) (1024K)]
  0x00000225f59b7570 WorkerThread "GC Thread#0"                     [id=7620, stack(0x00000091f8300000,0x00000091f8400000) (1024K)]
  0x00000225da31c3b0 WorkerThread "GC Thread#1"                     [id=15556, stack(0x00000091f9900000,0x00000091f9a00000) (1024K)]
  0x0000022594ca2ad0 WorkerThread "GC Thread#2"                     [id=7172, stack(0x00000091f9a00000,0x00000091f9b00000) (1024K)]
  0x00000225da277070 WorkerThread "GC Thread#3"                     [id=23752, stack(0x00000091f9b00000,0x00000091f9c00000) (1024K)]
  0x00000225f59c6640 ConcurrentGCThread "G1 Main Marker"            [id=1052, stack(0x00000091f8400000,0x00000091f8500000) (1024K)]
  0x00000225f59c7bc0 WorkerThread "G1 Conc#0"                       [id=17928, stack(0x00000091f8500000,0x00000091f8600000) (1024K)]
  0x00000225fef37850 ConcurrentGCThread "G1 Refine#0"               [id=5344, stack(0x00000091f8600000,0x00000091f8700000) (1024K)]
  0x00000225fef38d90 ConcurrentGCThread "G1 Service"                [id=13160, stack(0x00000091f8700000,0x00000091f8800000) (1024K)]
Total: 10

Threads with active compile tasks:
C2 CompilerThread1     6396 3958       4       java.lang.invoke.MethodType::makeImpl (109 bytes)
Total: 1

VM state: not at safepoint (normal execution)

VM Mutex/Monitor currently owned by a thread: None

Heap address: 0x0000000721200000, size: 3566 MB, Compressed Oops mode: Zero based, Oop shift amount: 3

CDS archive(s) mapped at: [0x0000022595000000-0x0000022595c90000-0x0000022595c90000), size 13172736, SharedBaseAddress: 0x0000022595000000, ArchiveRelocationMode: 1.
Compressed class space mapped at: 0x0000022596000000-0x00000225d6000000, reserved size: 1073741824
Narrow klass base: 0x0000022595000000, Narrow klass shift: 0, Narrow klass range: 0x100000000

GC Precious Log:
 CardTable entry size: 512
 Card Set container configuration: InlinePtr #cards 4 size 8 Array Of Cards #cards 16 size 48 Howl #buckets 8 coarsen threshold 3686 Howl Bitmap #cards 512 size 80 coarsen threshold 460 Card regions per heap region 1 cards per card region 4096
 CPUs: 4 total, 4 available
 Memory: 14258M
 Large Page Support: Disabled
 NUMA Support: Disabled
 Compressed Oops: Enabled (Zero based)
 Heap Region Size: 2M
 Heap Min Capacity: 8M
 Heap Initial Capacity: 224M
 Heap Max Capacity: 3566M
 Pre-touch: Disabled
 Parallel Workers: 4
 Concurrent Workers: 1
 Concurrent Refinement Workers: 4
 Periodic GC: Disabled

Heap:
 garbage-first heap   total 229376K, used 69344K [0x0000000721200000, 0x0000000800000000)
  region size 2048K, 19 young (38912K), 5 survivors (10240K)
 Metaspace       used 21076K, committed 21504K, reserved 1114112K
  class space    used 2257K, committed 2432K, reserved 1048576K

Heap Regions: E=young(eden), S=young(survivor), O=old, HS=humongous(starts), HC=humongous(continues), CS=collection set, F=free, TAMS=top-at-mark-start, PB=parsable bottom
|   0|0x0000000721200000, 0x0000000721400000, 0x0000000721400000|100%|HS|  |TAMS 0x0000000721200000| PB 0x0000000721200000| Complete 
|   1|0x0000000721400000, 0x0000000721600000, 0x0000000721600000|100%|HS|  |TAMS 0x0000000721400000| PB 0x0000000721400000| Complete 
|   2|0x0000000721600000, 0x0000000721800000, 0x0000000721800000|100%|HS|  |TAMS 0x0000000721600000| PB 0x0000000721600000| Complete 
|   3|0x0000000721800000, 0x0000000721a00000, 0x0000000721a00000|100%| O|  |TAMS 0x0000000721800000| PB 0x0000000721800000| Untracked 
|   4|0x0000000721a00000, 0x0000000721c00000, 0x0000000721c00000|100%| O|  |TAMS 0x0000000721a00000| PB 0x0000000721a00000| Untracked 
|   5|0x0000000721c00000, 0x0000000721e00000, 0x0000000721e00000|100%| O|  |TAMS 0x0000000721c00000| PB 0x0000000721c00000| Untracked 
|   6|0x0000000721e00000, 0x0000000722000000, 0x0000000722000000|100%|HS|  |TAMS 0x0000000721e00000| PB 0x0000000721e00000| Complete 
|   7|0x0000000722000000, 0x0000000722200000, 0x0000000722200000|100%| O|  |TAMS 0x0000000722000000| PB 0x0000000722000000| Untracked 
|   8|0x0000000722200000, 0x0000000722400000, 0x0000000722400000|100%|HS|  |TAMS 0x0000000722200000| PB 0x0000000722200000| Complete 
|   9|0x0000000722400000, 0x0000000722600000, 0x0000000722600000|100%| O|  |TAMS 0x0000000722400000| PB 0x0000000722400000| Untracked 
|  10|0x0000000722600000, 0x0000000722800000, 0x0000000722800000|100%| O|  |TAMS 0x0000000722600000| PB 0x0000000722600000| Untracked 
|  11|0x0000000722800000, 0x0000000722a00000, 0x0000000722a00000|100%| O|  |TAMS 0x0000000722800000| PB 0x0000000722800000| Untracked 
|  12|0x0000000722a00000, 0x0000000722c00000, 0x0000000722c00000|100%| O|  |TAMS 0x0000000722a00000| PB 0x0000000722a00000| Untracked 
|  13|0x0000000722c00000, 0x0000000722e00000, 0x0000000722e00000|100%| O|  |TAMS 0x0000000722c00000| PB 0x0000000722c00000| Untracked 
|  14|0x0000000722e00000, 0x0000000723000000, 0x0000000723000000|100%| O|  |TAMS 0x0000000722e00000| PB 0x0000000722e00000| Untracked 
|  15|0x0000000723000000, 0x00000007231b8158, 0x0000000723200000| 85%| O|  |TAMS 0x0000000723000000| PB 0x0000000723000000| Untracked 
|  16|0x0000000723200000, 0x0000000723200000, 0x0000000723400000|  0%| F|  |TAMS 0x0000000723200000| PB 0x0000000723200000| Untracked 
|  17|0x0000000723400000, 0x0000000723400000, 0x0000000723600000|  0%| F|  |TAMS 0x0000000723400000| PB 0x0000000723400000| Untracked 
|  18|0x0000000723600000, 0x0000000723600000, 0x0000000723800000|  0%| F|  |TAMS 0x0000000723600000| PB 0x0000000723600000| Untracked 
|  19|0x0000000723800000, 0x0000000723800000, 0x0000000723a00000|  0%| F|  |TAMS 0x0000000723800000| PB 0x0000000723800000| Untracked 
|  20|0x0000000723a00000, 0x0000000723a00000, 0x0000000723c00000|  0%| F|  |TAMS 0x0000000723a00000| PB 0x0000000723a00000| Untracked 
|  21|0x0000000723c00000, 0x0000000723c00000, 0x0000000723e00000|  0%| F|  |TAMS 0x0000000723c00000| PB 0x0000000723c00000| Untracked 
|  22|0x0000000723e00000, 0x0000000723e00000, 0x0000000724000000|  0%| F|  |TAMS 0x0000000723e00000| PB 0x0000000723e00000| Untracked 
|  23|0x0000000724000000, 0x0000000724000000, 0x0000000724200000|  0%| F|  |TAMS 0x0000000724000000| PB 0x0000000724000000| Untracked 
|  24|0x0000000724200000, 0x0000000724200000, 0x0000000724400000|  0%| F|  |TAMS 0x0000000724200000| PB 0x0000000724200000| Untracked 
|  25|0x0000000724400000, 0x0000000724400000, 0x0000000724600000|  0%| F|  |TAMS 0x0000000724400000| PB 0x0000000724400000| Untracked 
|  26|0x0000000724600000, 0x0000000724600000, 0x0000000724800000|  0%| F|  |TAMS 0x0000000724600000| PB 0x0000000724600000| Untracked 
|  27|0x0000000724800000, 0x0000000724800000, 0x0000000724a00000|  0%| F|  |TAMS 0x0000000724800000| PB 0x0000000724800000| Untracked 
|  28|0x0000000724a00000, 0x0000000724a00000, 0x0000000724c00000|  0%| F|  |TAMS 0x0000000724a00000| PB 0x0000000724a00000| Untracked 
|  29|0x0000000724c00000, 0x0000000724c00000, 0x0000000724e00000|  0%| F|  |TAMS 0x0000000724c00000| PB 0x0000000724c00000| Untracked 
|  30|0x0000000724e00000, 0x0000000724e00000, 0x0000000725000000|  0%| F|  |TAMS 0x0000000724e00000| PB 0x0000000724e00000| Untracked 
|  31|0x0000000725000000, 0x0000000725000000, 0x0000000725200000|  0%| F|  |TAMS 0x0000000725000000| PB 0x0000000725000000| Untracked 
|  32|0x0000000725200000, 0x0000000725200000, 0x0000000725400000|  0%| F|  |TAMS 0x0000000725200000| PB 0x0000000725200000| Untracked 
|  33|0x0000000725400000, 0x0000000725400000, 0x0000000725600000|  0%| F|  |TAMS 0x0000000725400000| PB 0x0000000725400000| Untracked 
|  34|0x0000000725600000, 0x0000000725600000, 0x0000000725800000|  0%| F|  |TAMS 0x0000000725600000| PB 0x0000000725600000| Untracked 
|  35|0x0000000725800000, 0x0000000725800000, 0x0000000725a00000|  0%| F|  |TAMS 0x0000000725800000| PB 0x0000000725800000| Untracked 
|  36|0x0000000725a00000, 0x0000000725a00000, 0x0000000725c00000|  0%| F|  |TAMS 0x0000000725a00000| PB 0x0000000725a00000| Untracked 
|  37|0x0000000725c00000, 0x0000000725c00000, 0x0000000725e00000|  0%| F|  |TAMS 0x0000000725c00000| PB 0x0000000725c00000| Untracked 
|  38|0x0000000725e00000, 0x0000000725e00000, 0x0000000726000000|  0%| F|  |TAMS 0x0000000725e00000| PB 0x0000000725e00000| Untracked 
|  39|0x0000000726000000, 0x0000000726000000, 0x0000000726200000|  0%| F|  |TAMS 0x0000000726000000| PB 0x0000000726000000| Untracked 
|  40|0x0000000726200000, 0x0000000726200000, 0x0000000726400000|  0%| F|  |TAMS 0x0000000726200000| PB 0x0000000726200000| Untracked 
|  41|0x0000000726400000, 0x0000000726400000, 0x0000000726600000|  0%| F|  |TAMS 0x0000000726400000| PB 0x0000000726400000| Untracked 
|  42|0x0000000726600000, 0x0000000726800000, 0x0000000726800000|100%| S|CS|TAMS 0x0000000726600000| PB 0x0000000726600000| Complete 
|  43|0x0000000726800000, 0x0000000726a00000, 0x0000000726a00000|100%| S|CS|TAMS 0x0000000726800000| PB 0x0000000726800000| Complete 
|  44|0x0000000726a00000, 0x0000000726c00000, 0x0000000726c00000|100%| S|CS|TAMS 0x0000000726a00000| PB 0x0000000726a00000| Complete 
|  45|0x0000000726c00000, 0x0000000726e00000, 0x0000000726e00000|100%| S|CS|TAMS 0x0000000726c00000| PB 0x0000000726c00000| Complete 
|  46|0x0000000726e00000, 0x0000000727000000, 0x0000000727000000|100%| S|CS|TAMS 0x0000000726e00000| PB 0x0000000726e00000| Complete 
|  47|0x0000000727000000, 0x0000000727000000, 0x0000000727200000|  0%| F|  |TAMS 0x0000000727000000| PB 0x0000000727000000| Untracked 
|  48|0x0000000727200000, 0x0000000727200000, 0x0000000727400000|  0%| F|  |TAMS 0x0000000727200000| PB 0x0000000727200000| Untracked 
|  49|0x0000000727400000, 0x0000000727400000, 0x0000000727600000|  0%| F|  |TAMS 0x0000000727400000| PB 0x0000000727400000| Untracked 
|  50|0x0000000727600000, 0x0000000727600000, 0x0000000727800000|  0%| F|  |TAMS 0x0000000727600000| PB 0x0000000727600000| Untracked 
|  51|0x0000000727800000, 0x0000000727800000, 0x0000000727a00000|  0%| F|  |TAMS 0x0000000727800000| PB 0x0000000727800000| Untracked 
|  52|0x0000000727a00000, 0x0000000727a00000, 0x0000000727c00000|  0%| F|  |TAMS 0x0000000727a00000| PB 0x0000000727a00000| Untracked 
|  53|0x0000000727c00000, 0x0000000727c00000, 0x0000000727e00000|  0%| F|  |TAMS 0x0000000727c00000| PB 0x0000000727c00000| Untracked 
|  54|0x0000000727e00000, 0x0000000727e00000, 0x0000000728000000|  0%| F|  |TAMS 0x0000000727e00000| PB 0x0000000727e00000| Untracked 
|  55|0x0000000728000000, 0x0000000728000000, 0x0000000728200000|  0%| F|  |TAMS 0x0000000728000000| PB 0x0000000728000000| Untracked 
|  56|0x0000000728200000, 0x0000000728200000, 0x0000000728400000|  0%| F|  |TAMS 0x0000000728200000| PB 0x0000000728200000| Untracked 
|  57|0x0000000728400000, 0x0000000728400000, 0x0000000728600000|  0%| F|  |TAMS 0x0000000728400000| PB 0x0000000728400000| Untracked 
|  58|0x0000000728600000, 0x0000000728600000, 0x0000000728800000|  0%| F|  |TAMS 0x0000000728600000| PB 0x0000000728600000| Untracked 
|  59|0x0000000728800000, 0x0000000728800000, 0x0000000728a00000|  0%| F|  |TAMS 0x0000000728800000| PB 0x0000000728800000| Untracked 
|  60|0x0000000728a00000, 0x0000000728a00000, 0x0000000728c00000|  0%| F|  |TAMS 0x0000000728a00000| PB 0x0000000728a00000| Untracked 
|  61|0x0000000728c00000, 0x0000000728c00000, 0x0000000728e00000|  0%| F|  |TAMS 0x0000000728c00000| PB 0x0000000728c00000| Untracked 
|  62|0x0000000728e00000, 0x0000000728e00000, 0x0000000729000000|  0%| F|  |TAMS 0x0000000728e00000| PB 0x0000000728e00000| Untracked 
|  63|0x0000000729000000, 0x0000000729000000, 0x0000000729200000|  0%| F|  |TAMS 0x0000000729000000| PB 0x0000000729000000| Untracked 
|  64|0x0000000729200000, 0x0000000729200000, 0x0000000729400000|  0%| F|  |TAMS 0x0000000729200000| PB 0x0000000729200000| Untracked 
|  65|0x0000000729400000, 0x0000000729400000, 0x0000000729600000|  0%| F|  |TAMS 0x0000000729400000| PB 0x0000000729400000| Untracked 
|  66|0x0000000729600000, 0x0000000729600000, 0x0000000729800000|  0%| F|  |TAMS 0x0000000729600000| PB 0x0000000729600000| Untracked 
|  67|0x0000000729800000, 0x0000000729800000, 0x0000000729a00000|  0%| F|  |TAMS 0x0000000729800000| PB 0x0000000729800000| Untracked 
|  68|0x0000000729a00000, 0x0000000729a00000, 0x0000000729c00000|  0%| F|  |TAMS 0x0000000729a00000| PB 0x0000000729a00000| Untracked 
|  69|0x0000000729c00000, 0x0000000729c00000, 0x0000000729e00000|  0%| F|  |TAMS 0x0000000729c00000| PB 0x0000000729c00000| Untracked 
|  70|0x0000000729e00000, 0x0000000729e00000, 0x000000072a000000|  0%| F|  |TAMS 0x0000000729e00000| PB 0x0000000729e00000| Untracked 
|  71|0x000000072a000000, 0x000000072a000000, 0x000000072a200000|  0%| F|  |TAMS 0x000000072a000000| PB 0x000000072a000000| Untracked 
|  72|0x000000072a200000, 0x000000072a200000, 0x000000072a400000|  0%| F|  |TAMS 0x000000072a200000| PB 0x000000072a200000| Untracked 
|  73|0x000000072a400000, 0x000000072a400000, 0x000000072a600000|  0%| F|  |TAMS 0x000000072a400000| PB 0x000000072a400000| Untracked 
|  74|0x000000072a600000, 0x000000072a600000, 0x000000072a800000|  0%| F|  |TAMS 0x000000072a600000| PB 0x000000072a600000| Untracked 
|  75|0x000000072a800000, 0x000000072a800000, 0x000000072aa00000|  0%| F|  |TAMS 0x000000072a800000| PB 0x000000072a800000| Untracked 
|  76|0x000000072aa00000, 0x000000072aa00000, 0x000000072ac00000|  0%| F|  |TAMS 0x000000072aa00000| PB 0x000000072aa00000| Untracked 
|  77|0x000000072ac00000, 0x000000072ac00000, 0x000000072ae00000|  0%| F|  |TAMS 0x000000072ac00000| PB 0x000000072ac00000| Untracked 
|  78|0x000000072ae00000, 0x000000072ae00000, 0x000000072b000000|  0%| F|  |TAMS 0x000000072ae00000| PB 0x000000072ae00000| Untracked 
|  79|0x000000072b000000, 0x000000072b000000, 0x000000072b200000|  0%| F|  |TAMS 0x000000072b000000| PB 0x000000072b000000| Untracked 
|  80|0x000000072b200000, 0x000000072b200000, 0x000000072b400000|  0%| F|  |TAMS 0x000000072b200000| PB 0x000000072b200000| Untracked 
|  81|0x000000072b400000, 0x000000072b400000, 0x000000072b600000|  0%| F|  |TAMS 0x000000072b400000| PB 0x000000072b400000| Untracked 
|  82|0x000000072b600000, 0x000000072b600000, 0x000000072b800000|  0%| F|  |TAMS 0x000000072b600000| PB 0x000000072b600000| Untracked 
|  83|0x000000072b800000, 0x000000072b800000, 0x000000072ba00000|  0%| F|  |TAMS 0x000000072b800000| PB 0x000000072b800000| Untracked 
|  84|0x000000072ba00000, 0x000000072ba00000, 0x000000072bc00000|  0%| F|  |TAMS 0x000000072ba00000| PB 0x000000072ba00000| Untracked 
|  85|0x000000072bc00000, 0x000000072bc00000, 0x000000072be00000|  0%| F|  |TAMS 0x000000072bc00000| PB 0x000000072bc00000| Untracked 
|  86|0x000000072be00000, 0x000000072be00000, 0x000000072c000000|  0%| F|  |TAMS 0x000000072be00000| PB 0x000000072be00000| Untracked 
|  87|0x000000072c000000, 0x000000072c000000, 0x000000072c200000|  0%| F|  |TAMS 0x000000072c000000| PB 0x000000072c000000| Untracked 
|  88|0x000000072c200000, 0x000000072c200000, 0x000000072c400000|  0%| F|  |TAMS 0x000000072c200000| PB 0x000000072c200000| Untracked 
|  89|0x000000072c400000, 0x000000072c400000, 0x000000072c600000|  0%| F|  |TAMS 0x000000072c400000| PB 0x000000072c400000| Untracked 
|  90|0x000000072c600000, 0x000000072c600000, 0x000000072c800000|  0%| F|  |TAMS 0x000000072c600000| PB 0x000000072c600000| Untracked 
|  91|0x000000072c800000, 0x000000072c800000, 0x000000072ca00000|  0%| F|  |TAMS 0x000000072c800000| PB 0x000000072c800000| Untracked 
|  92|0x000000072ca00000, 0x000000072ca00000, 0x000000072cc00000|  0%| F|  |TAMS 0x000000072ca00000| PB 0x000000072ca00000| Untracked 
|  93|0x000000072cc00000, 0x000000072cc00000, 0x000000072ce00000|  0%| F|  |TAMS 0x000000072cc00000| PB 0x000000072cc00000| Untracked 
|  94|0x000000072ce00000, 0x000000072ce00000, 0x000000072d000000|  0%| F|  |TAMS 0x000000072ce00000| PB 0x000000072ce00000| Untracked 
|  95|0x000000072d000000, 0x000000072d000000, 0x000000072d200000|  0%| F|  |TAMS 0x000000072d000000| PB 0x000000072d000000| Untracked 
|  96|0x000000072d200000, 0x000000072d200000, 0x000000072d400000|  0%| F|  |TAMS 0x000000072d200000| PB 0x000000072d200000| Untracked 
|  97|0x000000072d400000, 0x000000072d400000, 0x000000072d600000|  0%| F|  |TAMS 0x000000072d400000| PB 0x000000072d400000| Untracked 
|  98|0x000000072d600000, 0x000000072d800000, 0x000000072d800000|100%| E|  |TAMS 0x000000072d600000| PB 0x000000072d600000| Complete 
|  99|0x000000072d800000, 0x000000072da00000, 0x000000072da00000|100%| E|CS|TAMS 0x000000072d800000| PB 0x000000072d800000| Complete 
| 100|0x000000072da00000, 0x000000072dc00000, 0x000000072dc00000|100%| E|CS|TAMS 0x000000072da00000| PB 0x000000072da00000| Complete 
| 101|0x000000072dc00000, 0x000000072de00000, 0x000000072de00000|100%| E|CS|TAMS 0x000000072dc00000| PB 0x000000072dc00000| Complete 
| 102|0x000000072de00000, 0x000000072e000000, 0x000000072e000000|100%| E|CS|TAMS 0x000000072de00000| PB 0x000000072de00000| Complete 
| 103|0x000000072e000000, 0x000000072e200000, 0x000000072e200000|100%| E|CS|TAMS 0x000000072e000000| PB 0x000000072e000000| Complete 
| 104|0x000000072e200000, 0x000000072e400000, 0x000000072e400000|100%| E|CS|TAMS 0x000000072e200000| PB 0x000000072e200000| Complete 
| 105|0x000000072e400000, 0x000000072e600000, 0x000000072e600000|100%| E|CS|TAMS 0x000000072e400000| PB 0x000000072e400000| Complete 
| 106|0x000000072e600000, 0x000000072e800000, 0x000000072e800000|100%| E|CS|TAMS 0x000000072e600000| PB 0x000000072e600000| Complete 
| 107|0x000000072e800000, 0x000000072ea00000, 0x000000072ea00000|100%| E|CS|TAMS 0x000000072e800000| PB 0x000000072e800000| Complete 
| 108|0x000000072ea00000, 0x000000072ec00000, 0x000000072ec00000|100%| E|CS|TAMS 0x000000072ea00000| PB 0x000000072ea00000| Complete 
| 109|0x000000072ec00000, 0x000000072ee00000, 0x000000072ee00000|100%| E|CS|TAMS 0x000000072ec00000| PB 0x000000072ec00000| Complete 
| 110|0x000000072ee00000, 0x000000072f000000, 0x000000072f000000|100%| E|CS|TAMS 0x000000072ee00000| PB 0x000000072ee00000| Complete 
| 111|0x000000072f000000, 0x000000072f200000, 0x000000072f200000|100%| E|CS|TAMS 0x000000072f000000| PB 0x000000072f000000| Complete 

Card table byte_map: [0x00000225fe4a0000,0x00000225feba0000] _byte_map_base: 0x00000225fab97000

Marking Bits: (CMBitMap*) 0x00000225f59b7b80
 Bits: [0x000002258f000000, 0x00000225927b8000)

Polling page: 0x00000225f37d0000

Metaspace:

Usage:
  Non-class:     18.38 MB used.
      Class:      2.20 MB used.
       Both:     20.58 MB used.

Virtual space:
  Non-class space:       64.00 MB reserved,      18.62 MB ( 29%) committed,  1 nodes.
      Class space:        1.00 GB reserved,       2.38 MB ( <1%) committed,  1 nodes.
             Both:        1.06 GB reserved,      21.00 MB (  2%) committed. 

Chunk freelists:
   Non-Class:  13.05 MB
       Class:  13.47 MB
        Both:  26.52 MB

MaxMetaspaceSize: unlimited
CompressedClassSpaceSize: 1.00 GB
Initial GC threshold: 21.00 MB
Current GC threshold: 21.00 MB
CDS: on
 - commit_granule_bytes: 65536.
 - commit_granule_words: 8192.
 - virtual_space_node_default_size: 8388608.
 - enlarge_chunks_in_place: 1.
 - use_allocation_guard: 0.


Internal statistics:

num_allocs_failed_limit: 0.
num_arena_births: 402.
num_arena_deaths: 0.
num_vsnodes_births: 2.
num_vsnodes_deaths: 0.
num_space_committed: 336.
num_space_uncommitted: 0.
num_chunks_returned_to_freelist: 0.
num_chunks_taken_from_freelist: 825.
num_chunk_merges: 0.
num_chunk_splits: 514.
num_chunks_enlarged: 334.
num_inconsistent_stats: 0.

CodeHeap 'non-profiled nmethods': size=120000Kb used=2809Kb max_used=2809Kb free=117190Kb
 bounds [0x0000022587ad0000, 0x0000022587d90000, 0x000002258f000000]
CodeHeap 'profiled nmethods': size=120000Kb used=7683Kb max_used=7683Kb free=112316Kb
 bounds [0x0000022580000000, 0x0000022580790000, 0x0000022587530000]
CodeHeap 'non-nmethods': size=5760Kb used=1580Kb max_used=1627Kb free=4179Kb
 bounds [0x0000022587530000, 0x00000225877a0000, 0x0000022587ad0000]
 total_blobs=4559 nmethods=3974 adapters=489
 compilation: enabled
              stopped_count=0, restarted_count=0
 full_count=0

Compilation events (20 events):
Event: 6.222 Thread 0x0000022594920090 3960       3       java.lang.invoke.LambdaFormBuffer::indexOf (33 bytes)
Event: 6.223 Thread 0x0000022594920090 nmethod 3960 0x000002258077ab10 code [0x000002258077ace0, 0x000002258077b0a0]
Event: 6.223 Thread 0x0000022594920090 3962       3       java.lang.invoke.MemberName::getFactory (4 bytes)
Event: 6.223 Thread 0x0000022594920090 nmethod 3962 0x000002258077b210 code [0x000002258077b3a0, 0x000002258077b498]
Event: 6.249 Thread 0x0000022594920090 3963   !   3       sun.nio.fs.WindowsPath::getPathForWin32Calls (147 bytes)
Event: 6.250 Thread 0x0000022594920090 nmethod 3963 0x000002258077b510 code [0x000002258077b7c0, 0x000002258077c7c0]
Event: 6.267 Thread 0x0000022594920090 3966       3       java.util.ArrayList::subList (20 bytes)
Event: 6.267 Thread 0x0000022594920090 nmethod 3966 0x000002258077cc90 code [0x000002258077ce60, 0x000002258077d228]
Event: 6.277 Thread 0x0000022594920090 3967       3       java.lang.Class::protectionDomain (48 bytes)
Event: 6.277 Thread 0x0000022594920090 nmethod 3967 0x000002258077d390 code [0x000002258077d5c0, 0x000002258077dc78]
Event: 6.282 Thread 0x0000022594920090 3969       3       jdk.internal.reflect.ReflectionFactory::copyField (11 bytes)
Event: 6.282 Thread 0x0000022594920090 nmethod 3969 0x000002258077de90 code [0x000002258077e040, 0x000002258077e250]
Event: 6.282 Thread 0x0000022594920090 3970       3       java.lang.reflect.ReflectAccess::copyField (5 bytes)
Event: 6.282 Thread 0x0000022594920090 nmethod 3970 0x000002258077e390 code [0x000002258077e540, 0x000002258077e688]
Event: 6.282 Thread 0x0000022594920090 3971       3       jdk.internal.loader.NativeLibraries$NativeLibraryImpl::find (9 bytes)
Event: 6.282 Thread 0x0000022594920090 nmethod 3971 0x000002258077e790 code [0x000002258077e940, 0x000002258077ea90]
Event: 6.288 Thread 0x0000022594920090 3977   !   3       com.intellij.rt.debugger.agent.CaptureAgent$CaptureTransformer::transform (111 bytes)
Event: 6.289 Thread 0x0000022594920090 nmethod 3977 0x000002258077eb10 code [0x000002258077ee60, 0x0000022580780190]
Event: 6.292 Thread 0x0000022594920090 3978       3       java.nio.charset.CoderResult::isUnderflow (13 bytes)
Event: 6.292 Thread 0x0000022594920090 nmethod 3978 0x0000022580780a10 code [0x0000022580780ba0, 0x0000022580780d08]

GC Heap History (14 events):
Event: 0.749 GC heap before
{Heap before GC invocations=0 (full 0):
 garbage-first heap   total 229376K, used 18432K [0x0000000721200000, 0x0000000800000000)
  region size 2048K, 6 young (12288K), 0 survivors (0K)
 Metaspace       used 2522K, committed 2688K, reserved 1114112K
  class space    used 213K, committed 320K, reserved 1048576K
}
Event: 0.751 GC heap after
{Heap after GC invocations=1 (full 0):
 garbage-first heap   total 229376K, used 7907K [0x0000000721200000, 0x0000000800000000)
  region size 2048K, 1 young (2048K), 1 survivors (2048K)
 Metaspace       used 2522K, committed 2688K, reserved 1114112K
  class space    used 213K, committed 320K, reserved 1048576K
}
Event: 1.165 GC heap before
{Heap before GC invocations=1 (full 0):
 garbage-first heap   total 229376K, used 20195K [0x0000000721200000, 0x0000000800000000)
  region size 2048K, 7 young (14336K), 1 survivors (2048K)
 Metaspace       used 4633K, committed 4928K, reserved 1114112K
  class space    used 414K, committed 576K, reserved 1048576K
}
Event: 1.168 GC heap after
{Heap after GC invocations=2 (full 0):
 garbage-first heap   total 229376K, used 13620K [0x0000000721200000, 0x0000000800000000)
  region size 2048K, 1 young (2048K), 1 survivors (2048K)
 Metaspace       used 4633K, committed 4928K, reserved 1114112K
  class space    used 414K, committed 576K, reserved 1048576K
}
Event: 1.506 GC heap before
{Heap before GC invocations=2 (full 0):
 garbage-first heap   total 229376K, used 32052K [0x0000000721200000, 0x0000000800000000)
  region size 2048K, 11 young (22528K), 1 survivors (2048K)
 Metaspace       used 6316K, committed 6528K, reserved 1114112K
  class space    used 576K, committed 704K, reserved 1048576K
}
Event: 1.509 GC heap after
{Heap after GC invocations=3 (full 0):
 garbage-first heap   total 229376K, used 16098K [0x0000000721200000, 0x0000000800000000)
  region size 2048K, 2 young (4096K), 2 survivors (4096K)
 Metaspace       used 6316K, committed 6528K, reserved 1114112K
  class space    used 576K, committed 704K, reserved 1048576K
}
Event: 2.083 GC heap before
{Heap before GC invocations=3 (full 0):
 garbage-first heap   total 229376K, used 73442K [0x0000000721200000, 0x0000000800000000)
  region size 2048K, 29 young (59392K), 2 survivors (4096K)
 Metaspace       used 7080K, committed 7360K, reserved 1114112K
  class space    used 641K, committed 768K, reserved 1048576K
}
Event: 2.088 GC heap after
{Heap after GC invocations=4 (full 0):
 garbage-first heap   total 229376K, used 24307K [0x0000000721200000, 0x0000000800000000)
  region size 2048K, 4 young (8192K), 4 survivors (8192K)
 Metaspace       used 7080K, committed 7360K, reserved 1114112K
  class space    used 641K, committed 768K, reserved 1048576K
}
Event: 2.951 GC heap before
{Heap before GC invocations=4 (full 0):
 garbage-first heap   total 229376K, used 141043K [0x0000000721200000, 0x0000000800000000)
  region size 2048K, 62 young (126976K), 4 survivors (8192K)
 Metaspace       used 7274K, committed 7488K, reserved 1114112K
  class space    used 652K, committed 768K, reserved 1048576K
}
Event: 2.956 GC heap after
{Heap after GC invocations=5 (full 0):
 garbage-first heap   total 229376K, used 31194K [0x0000000721200000, 0x0000000800000000)
  region size 2048K, 8 young (16384K), 8 survivors (16384K)
 Metaspace       used 7274K, committed 7488K, reserved 1114112K
  class space    used 652K, committed 768K, reserved 1048576K
}
Event: 3.238 GC heap before
{Heap before GC invocations=5 (full 0):
 garbage-first heap   total 229376K, used 154074K [0x0000000721200000, 0x0000000800000000)
  region size 2048K, 67 young (137216K), 8 survivors (16384K)
 Metaspace       used 7282K, committed 7488K, reserved 1114112K
  class space    used 652K, committed 768K, reserved 1048576K
}
Event: 3.246 GC heap after
{Heap after GC invocations=6 (full 0):
 garbage-first heap   total 229376K, used 36946K [0x0000000721200000, 0x0000000800000000)
  region size 2048K, 6 young (12288K), 6 survivors (12288K)
 Metaspace       used 7282K, committed 7488K, reserved 1114112K
  class space    used 652K, committed 768K, reserved 1048576K
}
Event: 5.676 GC heap before
{Heap before GC invocations=6 (full 0):
 garbage-first heap   total 229376K, used 161874K [0x0000000721200000, 0x0000000800000000)
  region size 2048K, 68 young (139264K), 6 survivors (12288K)
 Metaspace       used 16722K, committed 17088K, reserved 1114112K
  class space    used 1730K, committed 1920K, reserved 1048576K
}
Event: 5.684 GC heap after
{Heap after GC invocations=7 (full 0):
 garbage-first heap   total 229376K, used 42720K [0x0000000721200000, 0x0000000800000000)
  region size 2048K, 5 young (10240K), 5 survivors (10240K)
 Metaspace       used 16722K, committed 17088K, reserved 1114112K
  class space    used 1730K, committed 1920K, reserved 1048576K
}

Dll operation events (12 events):
Event: 0.015 Loaded shared library C:\Program Files\Java\jdk-21\bin\java.dll
Event: 0.017 Loaded shared library C:\Program Files\Java\jdk-21\bin\zip.dll
Event: 0.050 Loaded shared library C:\Program Files\Java\jdk-21\bin\jsvml.dll
Event: 0.297 Loaded shared library C:\Program Files\Java\jdk-21\bin\net.dll
Event: 0.299 Loaded shared library C:\Program Files\Java\jdk-21\bin\nio.dll
Event: 0.305 Loaded shared library C:\Program Files\Java\jdk-21\bin\zip.dll
Event: 0.398 Loaded shared library C:\Program Files\Java\jdk-21\bin\instrument.dll
Event: 0.622 Loaded shared library C:\Program Files\Java\jdk-21\bin\jimage.dll
Event: 1.241 Loaded shared library C:\Program Files\Java\jdk-21\bin\verify.dll
Event: 4.429 Loaded shared library C:\Program Files\Java\jdk-21\bin\management.dll
Event: 4.437 Loaded shared library C:\Program Files\Java\jdk-21\bin\management_ext.dll
Event: 6.252 Loaded shared library C:\Users\aelig\AppData\Local\Temp\lwjglaelig\3.3.1-build-7\lwjgl.dll

Deoptimization events (20 events):
Event: 6.298 Thread 0x00000225f5956830 DEOPT PACKING pc=0x00000225805c28cc sp=0x00000091f82fd8e0
Event: 6.298 Thread 0x00000225f5956830 DEOPT UNPACKING pc=0x0000022587584e42 sp=0x00000091f82fced0 mode 1
Event: 6.298 Thread 0x00000225f5956830 DEOPT PACKING pc=0x0000022587d10894 sp=0x00000091f82fda70
Event: 6.298 Thread 0x00000225f5956830 DEOPT UNPACKING pc=0x0000022587584e42 sp=0x00000091f82fcbb8 mode 1
Event: 6.298 Thread 0x00000225f5956830 DEOPT PACKING pc=0x00000225805c28cc sp=0x00000091f82fd8e0
Event: 6.298 Thread 0x00000225f5956830 DEOPT UNPACKING pc=0x0000022587584e42 sp=0x00000091f82fced0 mode 1
Event: 6.298 Thread 0x00000225f5956830 DEOPT PACKING pc=0x0000022587d10894 sp=0x00000091f82fda70
Event: 6.298 Thread 0x00000225f5956830 DEOPT UNPACKING pc=0x0000022587584e42 sp=0x00000091f82fcbb8 mode 1
Event: 6.298 Thread 0x00000225f5956830 DEOPT PACKING pc=0x00000225805c28cc sp=0x00000091f82fd8e0
Event: 6.298 Thread 0x00000225f5956830 DEOPT UNPACKING pc=0x0000022587584e42 sp=0x00000091f82fced0 mode 1
Event: 6.298 Thread 0x00000225f5956830 DEOPT PACKING pc=0x0000022587d10894 sp=0x00000091f82fda70
Event: 6.298 Thread 0x00000225f5956830 DEOPT UNPACKING pc=0x0000022587584e42 sp=0x00000091f82fcbb8 mode 1
Event: 6.298 Thread 0x00000225f5956830 DEOPT PACKING pc=0x00000225805c28cc sp=0x00000091f82fd8e0
Event: 6.298 Thread 0x00000225f5956830 DEOPT UNPACKING pc=0x0000022587584e42 sp=0x00000091f82fced0 mode 1
Event: 6.298 Thread 0x00000225f5956830 DEOPT PACKING pc=0x0000022587d10894 sp=0x00000091f82fda70
Event: 6.298 Thread 0x00000225f5956830 DEOPT UNPACKING pc=0x0000022587584e42 sp=0x00000091f82fcbb8 mode 1
Event: 6.299 Thread 0x00000225f5956830 DEOPT PACKING pc=0x00000225805c28cc sp=0x00000091f82fd8e0
Event: 6.299 Thread 0x00000225f5956830 DEOPT UNPACKING pc=0x0000022587584e42 sp=0x00000091f82fced0 mode 1
Event: 6.299 Thread 0x00000225f5956830 DEOPT PACKING pc=0x0000022587d10894 sp=0x00000091f82fda70
Event: 6.299 Thread 0x00000225f5956830 DEOPT UNPACKING pc=0x0000022587584e42 sp=0x00000091f82fcbb8 mode 1

Classes loaded (20 events):
Event: 6.275 Loading class java/nio/ShortBuffer
Event: 6.275 Loading class java/nio/ShortBuffer done
Event: 6.277 Loading class java/nio/DirectShortBufferU
Event: 6.278 Loading class java/nio/DirectShortBufferU done
Event: 6.278 Loading class java/nio/DirectCharBufferU
Event: 6.278 Loading class java/nio/DirectCharBufferU done
Event: 6.278 Loading class java/nio/DirectFloatBufferU
Event: 6.278 Loading class java/nio/DirectFloatBufferU done
Event: 6.278 Loading class java/nio/DirectDoubleBufferU
Event: 6.279 Loading class java/nio/DirectDoubleBufferU done
Event: 6.280 Loading class java/util/function/LongPredicate
Event: 6.280 Loading class java/util/function/LongPredicate done
Event: 6.286 Loading class java/nio/InvalidMarkException
Event: 6.286 Loading class java/nio/InvalidMarkException done
Event: 6.286 Loading class java/nio/BufferUnderflowException
Event: 6.286 Loading class java/nio/BufferUnderflowException done
Event: 6.290 Loading class org/lwjgl/system/MemoryStack
Event: 6.290 Loading class org/lwjgl/system/MemoryStack done
Event: 6.290 Loading class org/lwjgl/system/MemoryStack
Event: 6.290 Loading class org/lwjgl/system/MemoryStack done

Classes unloaded (0 events):
No events

Classes redefined (1 events):
Event: 0.448 Thread 0x00000225ff07a850 redefined class name=java.lang.Throwable, count=1

Internal exceptions (20 events):
Event: 6.097 Thread 0x00000225f5956830 Exception <a 'java/lang/NoSuchMethodError'{0x000000072de6b278}: 'java.lang.Object java.lang.invoke.DirectMethodHandle$Holder.invokeInterface(java.lang.Object, java.lang.Object, java.lang.Object, java.lang.Object)'> (0x000000072de6b278) 
thrown [s\open\src\hotspot\share\interpreter\linkResolver.cpp, line 773]
Event: 6.098 Thread 0x00000225f5956830 Exception <a 'java/lang/NoSuchMethodError'{0x000000072de7b0a0}: 'void java.lang.invoke.DirectMethodHandle$Holder.invokeStaticInit(java.lang.Object, java.lang.Object)'> (0x000000072de7b0a0) 
thrown [s\open\src\hotspot\share\interpreter\linkResolver.cpp, line 773]
Event: 6.101 Thread 0x00000225f5956830 Exception <a 'java/lang/NoSuchMethodError'{0x000000072de86078}: 'java.lang.Object java.lang.invoke.DirectMethodHandle$Holder.invokeStaticInit(java.lang.Object, java.lang.Object, java.lang.Object, java.lang.Object)'> (0x000000072de86078) 
thrown [s\open\src\hotspot\share\interpreter\linkResolver.cpp, line 773]
Event: 6.102 Thread 0x00000225f5956830 Exception <a 'java/lang/IncompatibleClassChangeError'{0x000000072de8b118}: Found class java.lang.Object, but interface was expected> (0x000000072de8b118) 
thrown [s\open\src\hotspot\share\interpreter\linkResolver.cpp, line 840]
Event: 6.107 Thread 0x00000225f5956830 Exception <a 'java/lang/IncompatibleClassChangeError'{0x000000072dec2f80}: Found class java.lang.Object, but interface was expected> (0x000000072dec2f80) 
thrown [s\open\src\hotspot\share\interpreter\linkResolver.cpp, line 840]
Event: 6.167 Thread 0x00000225f5956830 Exception <a 'java/lang/NoSuchMethodError'{0x000000072dca1808}: 'java.lang.Object java.lang.invoke.DirectMethodHandle$Holder.invokeVirtual(java.lang.Object, java.lang.Object, java.lang.Object)'> (0x000000072dca1808) 
thrown [s\open\src\hotspot\share\interpreter\linkResolver.cpp, line 773]
Event: 6.196 Thread 0x00000225f5956830 Exception <a 'java/lang/NoSuchMethodError'{0x000000072dda7b80}: 'java.lang.Object java.lang.invoke.DirectMethodHandle$Holder.newInvokeSpecial(java.lang.Object, int, java.lang.Object, java.lang.Object)'> (0x000000072dda7b80) 
thrown [s\open\src\hotspot\share\interpreter\linkResolver.cpp, line 773]
Event: 6.196 Thread 0x00000225f5956830 Exception <a 'java/lang/NoSuchMethodError'{0x000000072ddaba20}: 'java.lang.Object java.lang.invoke.DirectMethodHandle$Holder.invokeSpecial(java.lang.Object, java.lang.Object, int, java.lang.Object, java.lang.Object)'> (0x000000072ddaba20) 
thrown [s\open\src\hotspot\share\interpreter\linkResolver.cpp, line 773]
Event: 6.221 Thread 0x00000225f5956830 Exception <a 'java/lang/NoSuchMethodError'{0x000000072dafd6a8}: 'void java.lang.System.load(java.lang.String, java.lang.Class)'> (0x000000072dafd6a8) 
thrown [s\open\src\hotspot\share\interpreter\linkResolver.cpp, line 773]
Event: 6.224 Thread 0x00000225f5956830 Exception <a 'java/lang/NoSuchMethodError'{0x000000072db0f9a8}: 'void java.lang.System.loadLibrary(java.lang.String, java.lang.Class)'> (0x000000072db0f9a8) 
thrown [s\open\src\hotspot\share\interpreter\linkResolver.cpp, line 773]
Event: 6.249 Thread 0x00000225f5956830 Exception <a 'sun/nio/fs/WindowsException'{0x000000072d8a0078}> (0x000000072d8a0078) 
thrown [s\open\src\hotspot\share\prims\jni.cpp, line 520]
Event: 6.249 Thread 0x00000225f5956830 Exception <a 'sun/nio/fs/WindowsException'{0x000000072d8a03e8}> (0x000000072d8a03e8) 
thrown [s\open\src\hotspot\share\prims\jni.cpp, line 520]
Event: 6.266 Thread 0x00000225f5956830 Exception <a 'sun/nio/fs/WindowsException'{0x000000072d9e3200}> (0x000000072d9e3200) 
thrown [s\open\src\hotspot\share\prims\jni.cpp, line 520]
Event: 6.266 Thread 0x00000225f5956830 Exception <a 'sun/nio/fs/WindowsException'{0x000000072d9e3580}> (0x000000072d9e3580) 
thrown [s\open\src\hotspot\share\prims\jni.cpp, line 520]
Event: 6.281 Thread 0x00000225f5956830 Exception <a 'java/lang/NoSuchMethodError'{0x000000072d7226c0}: 'int java.lang.invoke.DirectMethodHandle$Holder.invokeStaticInit(java.lang.Object, java.lang.Object, int, long)'> (0x000000072d7226c0) 
thrown [s\open\src\hotspot\share\interpreter\linkResolver.cpp, line 773]
Event: 6.281 Thread 0x00000225f5956830 Exception <a 'java/lang/NoSuchMethodError'{0x000000072d727918}: 'java.lang.Object java.lang.invoke.DirectMethodHandle$Holder.newInvokeSpecial(java.lang.Object, java.lang.Object, int)'> (0x000000072d727918) 
thrown [s\open\src\hotspot\share\interpreter\linkResolver.cpp, line 773]
Event: 6.283 Thread 0x00000225f5956830 Exception <a 'java/lang/NoSuchMethodError'{0x000000072d73bde0}: 'int java.lang.invoke.DirectMethodHandle$Holder.invokeStaticInit(java.lang.Object, java.lang.Object, long, long)'> (0x000000072d73bde0) 
thrown [s\open\src\hotspot\share\interpreter\linkResolver.cpp, line 773]
Event: 6.284 Thread 0x00000225f5956830 Exception <a 'java/lang/NoSuchMethodError'{0x000000072d7413a0}: 'java.lang.Object java.lang.invoke.DirectMethodHandle$Holder.newInvokeSpecial(java.lang.Object, java.lang.Object, long)'> (0x000000072d7413a0) 
thrown [s\open\src\hotspot\share\interpreter\linkResolver.cpp, line 773]
Event: 6.284 Thread 0x00000225f5956830 Exception <a 'java/lang/NoSuchMethodError'{0x000000072d744b88}: 'java.lang.Object java.lang.invoke.Invokers$Holder.linkToTargetMethod(java.lang.Object, long, java.lang.Object)'> (0x000000072d744b88) 
thrown [s\open\src\hotspot\share\interpreter\linkResolver.cpp, line 773]
Event: 6.285 Thread 0x00000225f5956830 Exception <a 'java/lang/NoSuchMethodError'{0x000000072d74bc30}: 'int java.lang.invoke.DirectMethodHandle$Holder.invokeStaticInit(java.lang.Object, java.lang.Object, java.lang.Object, long)'> (0x000000072d74bc30) 
thrown [s\open\src\hotspot\share\interpreter\linkResolver.cpp, line 773]

ZGC Phase Switch (0 events):
No events

VM Operations (20 events):
Event: 5.603 Executing VM operation: HandshakeAllThreads (Deoptimize)
Event: 5.603 Executing VM operation: HandshakeAllThreads (Deoptimize) done
Event: 5.674 Executing VM operation: ICBufferFull
Event: 5.674 Executing VM operation: ICBufferFull done
Event: 5.676 Executing VM operation: G1CollectForAllocation (G1 Evacuation Pause)
Event: 5.676 Executing VM operation: G1CollectForAllocation (G1 Evacuation Pause) done
Event: 5.676 Executing VM operation: G1CollectForAllocation (GCLocker Initiated GC)
Event: 5.684 Executing VM operation: G1CollectForAllocation (GCLocker Initiated GC) done
Event: 5.700 Executing VM operation: HandshakeAllThreads (Deoptimize)
Event: 5.700 Executing VM operation: HandshakeAllThreads (Deoptimize) done
Event: 5.796 Executing VM operation: HandshakeAllThreads (Deoptimize)
Event: 5.796 Executing VM operation: HandshakeAllThreads (Deoptimize) done
Event: 5.892 Executing VM operation: HandshakeAllThreads (Deoptimize)
Event: 5.892 Executing VM operation: HandshakeAllThreads (Deoptimize) done
Event: 5.918 Executing VM operation: HandshakeAllThreads (Deoptimize)
Event: 5.918 Executing VM operation: HandshakeAllThreads (Deoptimize) done
Event: 6.010 Executing VM operation: HandshakeAllThreads (Deoptimize)
Event: 6.010 Executing VM operation: HandshakeAllThreads (Deoptimize) done
Event: 6.166 Executing VM operation: ICBufferFull
Event: 6.166 Executing VM operation: ICBufferFull done

Events (20 events):
Event: 0.029 Thread 0x00000225f5956830 Thread added: 0x00000225f5956830
Event: 0.047 Thread 0x00000225ff099030 Thread added: 0x00000225ff099030
Event: 0.047 Thread 0x00000225ff099950 Thread added: 0x00000225ff099950
Event: 0.048 Thread 0x00000225ff0a6160 Thread added: 0x00000225ff0a6160
Event: 0.048 Thread 0x00000225ff0a87e0 Thread added: 0x00000225ff0a87e0
Event: 0.049 Thread 0x00000225ff0ada90 Thread added: 0x00000225ff0ada90
Event: 0.049 Thread 0x00000225ff0ae8a0 Thread added: 0x00000225ff0ae8a0
Event: 0.049 Thread 0x00000225ff0af780 Thread added: 0x00000225ff0af780
Event: 0.049 Thread 0x0000022594920090 Thread added: 0x0000022594920090
Event: 0.282 Thread 0x0000022594a24870 Thread added: 0x0000022594a24870
Event: 0.356 Thread 0x0000022594a3aca0 Thread added: 0x0000022594a3aca0
Event: 0.370 Thread 0x0000022594d096a0 Thread added: 0x0000022594d096a0
Event: 0.370 Thread 0x0000022594cfe5a0 Thread added: 0x0000022594cfe5a0
Event: 0.371 Thread 0x0000022594cfec20 Thread added: 0x0000022594cfec20
Event: 0.468 Thread 0x0000022594b6f7e0 Thread added: 0x0000022594b6f7e0
Event: 0.472 Thread 0x0000022594c935a0 Thread added: 0x0000022594c935a0
Event: 5.637 Thread 0x00000225dc5b4850 Thread added: 0x00000225dc5b4850
Event: 5.646 Thread 0x00000225dc5b4850 Thread exited: 0x00000225dc5b4850
Event: 5.665 Thread 0x00000225dc5b2780 Thread added: 0x00000225dc5b2780
Event: 5.694 Thread 0x00000225dc5b2780 Thread exited: 0x00000225dc5b2780


Dynamic libraries:
0x00007ff71d330000 - 0x00007ff71d340000 	C:\Program Files\Java\jdk-21\bin\java.exe
0x00007fff78f40000 - 0x00007fff791a9000 	C:\WINDOWS\SYSTEM32\ntdll.dll
0x00007fff77340000 - 0x00007fff77409000 	C:\WINDOWS\System32\KERNEL32.DLL
0x00007fff765a0000 - 0x00007fff76993000 	C:\WINDOWS\System32\KERNELBASE.dll
0x00007fff760d0000 - 0x00007fff7621b000 	C:\WINDOWS\System32\ucrtbase.dll
0x00007fff64a80000 - 0x00007fff64a99000 	C:\Program Files\Java\jdk-21\bin\jli.dll
0x00007fff64bc0000 - 0x00007fff64bdb000 	C:\Program Files\Java\jdk-21\bin\VCRUNTIME140.dll
0x00007fff78c00000 - 0x00007fff78cb4000 	C:\WINDOWS\System32\ADVAPI32.dll
0x00007fff770c0000 - 0x00007fff77169000 	C:\WINDOWS\System32\msvcrt.dll
0x00007fff77db0000 - 0x00007fff77e56000 	C:\WINDOWS\System32\sechost.dll
0x00007fff78ae0000 - 0x00007fff78bf8000 	C:\WINDOWS\System32\RPCRT4.dll
0x00007fff77170000 - 0x00007fff77334000 	C:\WINDOWS\System32\USER32.dll
0x00007fff76420000 - 0x00007fff76447000 	C:\WINDOWS\System32\win32u.dll
0x00007fff63aa0000 - 0x00007fff63d33000 	C:\WINDOWS\WinSxS\amd64_microsoft.windows.common-controls_6595b64144ccf1df_6.0.26100.5074_none_3e0d6f78e32fd63f\COMCTL32.dll
0x00007fff782a0000 - 0x00007fff782cb000 	C:\WINDOWS\System32\GDI32.dll
0x00007fff769a0000 - 0x00007fff76acd000 	C:\WINDOWS\System32\gdi32full.dll
0x00007fff76450000 - 0x00007fff764f3000 	C:\WINDOWS\System32\msvcp_win.dll
0x00007fff6fc70000 - 0x00007fff6fc7b000 	C:\WINDOWS\SYSTEM32\VERSION.dll
0x00007fff77e60000 - 0x00007fff77e8f000 	C:\WINDOWS\System32\IMM32.DLL
0x00007fff64bb0000 - 0x00007fff64bbc000 	C:\Program Files\Java\jdk-21\bin\vcruntime140_1.dll
0x00007fff4c820000 - 0x00007fff4c8ae000 	C:\Program Files\Java\jdk-21\bin\msvcp140.dll
0x00007ffecb290000 - 0x00007ffecbfa3000 	C:\Program Files\Java\jdk-21\bin\server\jvm.dll
0x00007fff77b00000 - 0x00007fff77b74000 	C:\WINDOWS\System32\WS2_32.dll
0x00007fff75f30000 - 0x00007fff75f8e000 	C:\WINDOWS\SYSTEM32\POWRPROF.dll
0x00007fff6fc30000 - 0x00007fff6fc65000 	C:\WINDOWS\SYSTEM32\WINMM.dll
0x00007fff75f10000 - 0x00007fff75f24000 	C:\WINDOWS\SYSTEM32\UMPDC.dll
0x00007fff74eb0000 - 0x00007fff74ecb000 	C:\WINDOWS\SYSTEM32\kernel.appcore.dll
0x00007fff64a70000 - 0x00007fff64a7a000 	C:\Program Files\Java\jdk-21\bin\jimage.dll
0x00007fff6bca0000 - 0x00007fff6bee2000 	C:\WINDOWS\SYSTEM32\DBGHELP.DLL
0x00007fff77f20000 - 0x00007fff7829b000 	C:\WINDOWS\System32\combase.dll
0x00007fff76f60000 - 0x00007fff77037000 	C:\WINDOWS\System32\OLEAUT32.dll
0x00007fff56a80000 - 0x00007fff56abd000 	C:\WINDOWS\SYSTEM32\dbgcore.DLL
0x00007fff76500000 - 0x00007fff76599000 	C:\WINDOWS\System32\bcryptPrimitives.dll
0x00007fff64f00000 - 0x00007fff64f3c000 	C:\Program Files\Java\jdk-21\bin\jdwp.dll
0x00007fff61b30000 - 0x00007fff61b3f000 	C:\Program Files\Java\jdk-21\bin\instrument.dll
0x00007fff61b10000 - 0x00007fff61b2f000 	C:\Program Files\Java\jdk-21\bin\java.dll
0x00007fff61af0000 - 0x00007fff61b08000 	C:\Program Files\Java\jdk-21\bin\zip.dll
0x00007fff78390000 - 0x00007fff78add000 	C:\WINDOWS\System32\SHELL32.dll
0x00007fff76220000 - 0x00007fff7638c000 	C:\WINDOWS\System32\wintypes.dll
0x00007fff73d20000 - 0x00007fff74579000 	C:\WINDOWS\SYSTEM32\windows.storage.dll
0x00007fff77570000 - 0x00007fff77660000 	C:\WINDOWS\System32\SHCORE.dll
0x00007fff77050000 - 0x00007fff770b2000 	C:\WINDOWS\System32\shlwapi.dll
0x00007fff75ff0000 - 0x00007fff76019000 	C:\WINDOWS\SYSTEM32\profapi.dll
0x00007fff43060000 - 0x00007fff43137000 	C:\Program Files\Java\jdk-21\bin\jsvml.dll
0x00007fff61ae0000 - 0x00007fff61af0000 	C:\Program Files\Java\jdk-21\bin\net.dll
0x00007fff6cec0000 - 0x00007fff6cfdf000 	C:\WINDOWS\SYSTEM32\WINHTTP.dll
0x00007fff75430000 - 0x00007fff7549b000 	C:\WINDOWS\system32\mswsock.dll
0x00007fff4de00000 - 0x00007fff4de16000 	C:\Program Files\Java\jdk-21\bin\nio.dll
0x00007fff69000000 - 0x00007fff6900c000 	C:\Program Files\Java\jdk-21\bin\dt_socket.dll
0x00007fff74890000 - 0x00007fff748c4000 	C:\WINDOWS\SYSTEM32\IPHLPAPI.DLL
0x00007fff4ddf0000 - 0x00007fff4de00000 	C:\Program Files\Java\jdk-21\bin\verify.dll
0x00007fff4dde0000 - 0x00007fff4ddea000 	C:\Program Files\Java\jdk-21\bin\management.dll
0x00007fff4dbf0000 - 0x00007fff4dbfb000 	C:\Program Files\Java\jdk-21\bin\management_ext.dll
0x00007fff78360000 - 0x00007fff78368000 	C:\WINDOWS\System32\PSAPI.DLL
0x00007fff5d990000 - 0x00007fff5d9a8000 	C:\WINDOWS\system32\napinsp.dll
0x00007fff74920000 - 0x00007fff74a46000 	C:\WINDOWS\SYSTEM32\DNSAPI.dll
0x00007fff76f50000 - 0x00007fff76f5a000 	C:\WINDOWS\System32\NSI.dll
0x00007fff5d970000 - 0x00007fff5d982000 	C:\WINDOWS\System32\winrnr.dll
0x00007fff5d940000 - 0x00007fff5d968000 	C:\WINDOWS\system32\nlansp_c.dll
0x00007fff5d920000 - 0x00007fff5d936000 	C:\WINDOWS\system32\wshbth.dll
0x00007fff6a1a0000 - 0x00007fff6a1ab000 	C:\Windows\System32\rasadhlp.dll
0x00007fff6ab60000 - 0x00007fff6abe6000 	C:\WINDOWS\System32\fwpuclnt.dll
0x00007fff4d040000 - 0x00007fff4d0b5000 	C:\Users\aelig\AppData\Local\Temp\lwjglaelig\3.3.1-build-7\lwjgl.dll
0x00007fff4d170000 - 0x00007fff4d1d1000 	C:\Users\aelig\AppData\Local\Temp\lwjglaelig\3.3.1-build-7\glfw.dll

dbghelp: loaded successfully - version: 4.0.5 - missing functions: none
symbol engine: initialized successfully - sym options: 0x614 - pdb path: .;C:\Program Files\Java\jdk-21\bin;C:\WINDOWS\SYSTEM32;C:\WINDOWS\WinSxS\amd64_microsoft.windows.common-controls_6595b64144ccf1df_6.0.26100.5074_none_3e0d6f78e32fd63f;C:\Program Files\Java\jdk-21\bin\server;C:\Users\aelig\AppData\Local\Temp\lwjglaelig\3.3.1-build-7

VM Arguments:
jvm_args: -Ddebugger.agent.enable.coroutines=true -Dforge.enableGameTest=true -Dforge.enabledGameTestNamespaces=cif -Dforge.logging.console.level=debug -Dforge.logging.markers=REGISTRIES -DignoreList=bootstraplauncher,securejarhandler,asm-commons,asm-util,asm-analysis,asm-tree,asm,JarJarFileSystems,client-extra,fmlcore,javafmllanguage,lowcodelanguage,mclanguage,forge- -Djava.net.preferIPv6Addresses=system -Dkotlinx.coroutines.debug.enable.creation.stack.trace=false -Dkotlinx.coroutines.debug.enable.flows.stack.trace=true -Dkotlinx.coroutines.debug.enable.mutable.state.flows.stack.trace=true -DlegacyClassPath.file=D:\aelig\Documents\maison\minecraft\java\mes mods\java\CIF\build\classpath\runClient_minecraftClasspath.txt -DmergeModules=jna-5.10.0.jar,jna-platform-5.10.0.jar -Dmixin.env.refMapRemappingFile=D:\aelig\Documents\maison\minecraft\java\mes mods\java\CIF\build\createSrgToMcp\output.srg -Dmixin.env.remapRefMap=true -Dnet.minecraftforge.gradle.GradleStart.srg.srg-mcp=D:\aelig\Documents\maison\minecraft\java\mes mods\java\CIF\build\createSrgToMcp\output.srg --module-path=C:\Users\aelig\.gradle\caches\modules-2\files-2.1\cpw.mods\bootstraplauncher\1.1.2\c546e00443d8432cda6baa1c860346980742628\bootstraplauncher-1.1.2.jar;C:\Users\aelig\.gradle\caches\modules-2\files-2.1\cpw.mods\securejarhandler\2.1.10\51e6a22c6c716beb11e244bf5b8be480f51dd6b5\securejarhandler-2.1.10.jar;C:\Users\aelig\.gradle\caches\modules-2\files-2.1\org.ow2.asm\asm-commons\9.7.1\406c6a2225cfe1819f102a161e54cc16a5c24f75\asm-commons-9.7.1.jar;C:\Users\aelig\.gradle\caches\modules-2\files-2.1\org.ow2.asm\asm-util\9.7.1\9e23359b598ec6b74b23e53110dd5c577adf2243\asm-util-9.7.1.jar;C:\Users\aelig\.gradle\caches\modules-2\files-2.1\org.ow2.asm\asm-analysis\9.7.1\f97a3b319f0ed6a8cd944dc79060d3912a28985f\asm-analysis-9.7.1.jar;C:\Users\aelig\.gradle\caches\modules-2\files-2.1\org.ow2.asm\asm-tree\9.7.1\3a53139787663b139de76b627fca0084ab60d32c\asm-tree-9.7.1.jar;C:\Users\aelig\.gradle\caches\modules-2\files-2.1\org.ow2.asm\asm\9.7.1\f0ed132a49244b042cd0e15702ab9f2ce3cc8436\asm-9.7.1.jar;C:\Users\aelig\.gradle\caches\modules-2\files-2.1\net.minecraftforge\JarJarFileSystems\0.3.19\2464eb7d6b9ddb9db36a82cf8a95193e5c6fe020\JarJarFileSystems-0.3.19.jar --add-modules=ALL-MODULE-PATH --add-opens=java.base/java.util.jar=cpw.mods.securejarhandler --add-opens=java.base/java.lang.invoke=cpw.mods.securejarhandler --add-exports=java.base/sun.security.util=cpw.mods.securejarhandler --add-exports=jdk.naming.dns/com.sun.jndi.dns=java.naming -XX:HeapDumpPath=MojangTricksIntelDriversForPerformance_javaw.exe_minecraft.exe.heapdump --module-path=C:\Users\aelig\.gradle\caches\modules-2\files-2.1\cpw.mods\bootstraplauncher\1.1.2\c546e00443d8432cda6baa1c860346980742628\bootstraplauncher-1.1.2.jar;C:\Users\aelig\.gradle\caches\modules-2\files-2.1\cpw.mods\securejarhandler\2.1.10\51e6a22c6c716beb11e244bf5b8be480f51dd6b5\securejarhandler-2.1.10.jar;C:\Users\aelig\.gradle\caches\modules-2\files-2.1\org.ow2.asm\asm-commons\9.7.1\406c6a2225cfe1819f102a161e54cc16a5c24f75\asm-commons-9.7.1.jar;C:\Users\aelig\.gradle\caches\modules-2\files-2.1\org.ow2.asm\asm-util\9.7.1\9e23359b598ec6b74b23e53110dd5c577adf2243\asm-util-9.7.1.jar;C:\Users\aelig\.gradle\caches\modules-2\files-2.1\org.ow2.asm\asm-analysis\9.7.1\f97a3b319f0ed6a8cd944dc79060d3912a28985f\asm-analysis-9.7.1.jar;C:\Users\aelig\.gradle\caches\modules-2\files-2.1\org.ow2.asm\asm-tree\9.7.1\3a53139787663b139de76b627fca0084ab60d32c\asm-tree-9.7.1.jar;C:\Users\aelig\.gradle\caches\modules-2\files-2.1\org.ow2.asm\asm\9.7.1\f0ed132a49244b042cd0e15702ab9f2ce3cc8436\asm-9.7.1.jar;C:\Users\aelig\.gradle\caches\modules-2\files-2.1\net.minecraftforge\JarJarFileSystems\0.3.19\2464eb7d6b9ddb9db36a82cf8a95193e5c6fe020\JarJarFileSystems-0.3.19.jar --add-modules=ALL-MODULE-PATH --add-opens=java.base/java.util.jar=cpw.mods.securejarhandler --add-opens=java.base/java.lang.invoke=cpw.mods.securejarhandler --add-exports=java.base/sun.security.util=cpw.mods.securejarhandler --add-exports=jdk.naming.dns/com.sun.jndi.dns=java.naming -XX:HeapDumpPath=MojangTricksIntelDriversForPerformance_javaw.exe_minecraft.exe.heapdump -agentlib:jdwp=transport=dt_socket,server=n,suspend=y,address=127.0.0.1:58928 -javaagent:C:\Users\aelig\AppData\Local\JetBrains\IdeaIC2025.1\captureAgent\debugger-agent.jar=file:///C:/Users/aelig/AppData/Local/Temp/capture2050449387539059170.props -Dfile.encoding=UTF-8 -Duser.country=FR -Duser.language=fr -Duser.variant 
java_command: cpw.mods.bootstraplauncher.BootstrapLauncher --launchTarget forgeclientuserdev --version MOD_DEV --assetIndex 5 --assetsDir C:\Users\aelig\.gradle\caches\forge_gradle\assets --gameDir . --fml.forgeVersion 47.4.0 --fml.mcVersion 1.20.1 --fml.forgeGroup net.minecraftforge --fml.mcpVersion 20230612.114412 --mixin.config cif.mixins.json
java_class_path (initial): D:\aelig\Documents\maison\minecraft\java\mes mods\java\CIF\build\classes\java\main;D:\aelig\Documents\maison\minecraft\java\mes mods\java\CIF\build\resources\main;C:\Users\aelig\.gradle\caches\forge_gradle\deobf_dependencies\com\simibubi\create\create-1.20.1\6.0.6-150_mapped_official_1.20.1\create-1.20.1-6.0.6-150_mapped_official_1.20.1-slim.jar;C:\Users\aelig\.gradle\caches\forge_gradle\deobf_dependencies\net\createmod\ponder\Ponder-Forge-1.20.1\1.0.80_mapped_official_1.20.1\Ponder-Forge-1.20.1-1.0.80_mapped_official_1.20.1.jar;C:\Users\aelig\.gradle\caches\forge_gradle\deobf_dependencies\com\tterrag\registrate\Registrate\MC1.20-1.3.3_mapped_official_1.20.1\Registrate-MC1.20-1.3.3_mapped_official_1.20.1.jar;C:\Users\aelig\.gradle\caches\modules-2\files-2.1\io.github.llamalad7\mixinextras-forge\0.4.1\5c35573a7b76103724799ca1174a69699b8a9aec\mixinextras-forge-0.4.1.jar;C:\Users\aelig\.gradle\caches\forge_gradle\minecraft_user_repo\net\minecraftforge\forge\1.20.1-47.4.0_mapped_official_1.20.1\forge-1.20.1-47.4.0_mapped_official_1.20.1-recomp.jar;C:\Users\aelig\.gradle\caches\forge_gradle\deobf_dependencies\dev\engine-room\flywheel\flywheel-forge-1.20.1\1.0.4_mapped_official_1.20.1\flywheel-forge-1.20.1-1.0.4_mapped_official_1.20.1.jar;C:\Users\aelig\.gradle\caches\forge_gradle\minecraft_repo\versions\1.20.1\client-extra.jar;C:\Users\aelig\.gradle\caches\modules-2\files-2.1\net.minecraftforge\fmlearlydisplay\1.20.1-47.4.0\5a0c2d1a65a422bd0e64548e58b70f4d011ef788\fmlearlydisplay-1.20.1-47.4.0.jar;C:\Users\aelig\.gradle\caches\modules-2\files-2.1\net.minecraftforge\javafmllanguage\1.20.1-47.4.0\f0c0b352173d0a378cbdcec9cfc4ba65899a721\javafmllanguage-1.20.1-47.4.0.jar;C:\Users\aelig\.gradle\caches\modules-2\files-2.1\net.minecraftforge\lowcodelanguage\1.20.1-47.4.0\e862740d8c84d08dbfedea412bef88fe42e727c5\lowcodelanguage-1.20.1-47.4.0.jar;C:\Users\aelig\.gradle\caches\modules-2\files-2.1\net.minecraftforge\mclanguage\1.20.1-47.4.0\5719b3a297a33f877ed5dde4cb4bd75c859096af\mclanguage-1.20.1-47.4.0.jar;C:\Users\aelig\.gradle\caches\modules-2\files-2.1\net.minecraftforge\fmlcore\1.20.1-47.4.0\235975dafa4309945b59c56b53f31dc5b65a6051\fmlcore-1.20.1-47.4.0.jar;C:\Users\aelig\.gradle\caches\modules-2\files-2.1\net.minecraftforge\fmlloader\1.20.1-47.4.0\350292a3c597f65d130e48b6e419a2b21cba2ac1\fmlloader-1.20.1-47.4.0.jar;C:\Users\aelig\.gradle\caches\modules-2\files-2.1\net.minecraftforge\JarJarSelector\0.3.19\376cc9c8ea60720cf027c01fc033de915699801c\JarJarSelector-0.3.19.jar;C:\Users\aelig\.gradle\caches\modules-2\files-2.1\net.minecraftforge\JarJarMetadata\0.3.19\83feaa9b770e6ac0e96ee4fc23fa89325c5fe2\JarJarMetadata-0.3.19.jar;C:\Users\aelig\.gradle\caches\modules-2\files-2.1\com.google.guava\guava\31.1-jre\60458f877d055d0c9114d9e1a2efb737b4bc282c\guava-31.1-jre.jar;C:\Users\aelig\.gradle\caches\modules-2\files-2.1\com.google.code.findbugs\jsr305\3.0.2\25ea2e8b0c338a877313bd4672d3fe056ea78f0d\jsr305-3.0.2.jar;C:\Users\aelig\.gradle\caches\modules-2\files-2.1\ca.weblite\java-objc-bridge\1.1\1227f9e0666314f9de41477e3ec277e542ed7f7b\java-objc-bridge-1.1.jar;C:\Users\aelig\.gradle\caches\modules-2\files-2.1\net.minecraftforge\forgespi\7.0.1\3b4972a0cdb135853dba219be61a79b22cff1309\forgespi-7.0.1.jar;C:\Users\aelig\.gradle\caches\modules-2\files-2.1\net.minecraftforge\mergetool\1.1.5\f3da18e12c696d35a47c82cbb2cc8b5aa15e1154\mergetool-1.1.5-api.jar;C:\Users\aelig\.gradle\caches\modules-2\files-2.1\org.jetbrains\annotations\24.0.1\13c5c75c4206580aa4d683bffee658caae6c9f43\annotations-24.0.1.jar;C:\Users\aelig\.gradle\caches\forge_gradle\mcp_repo\net\minecraft\mapping\1.20.1\mapping-1.20.1-mapping.zip;C:\Users\aelig\.gradle\caches\modules-2\files-2.1\net.minecraftforge\accesstransformers\8.0.4\272d240aa73f42195b2a68e2ebd8b701ecf41f63\accesstransformers-8.0.4.jar;C:\Users\aelig\.gradle\caches\modules-2\files-2.1\net.minecraftforge\eventbus\6.0.5\699143dd438431d06b57416944f7cedbe52e1475\eventbus-6.0.5.jar;C:\Users\aelig\.gradle\caches\modules-2\files-2.1\cpw.mods\modlauncher\10.0.9\6d9443f56f50bb85cea383686ff9c867391458b\modlauncher-10.0.9.jar;C:\Users\aelig\.gradle\caches\modules-2\files-2.1\cpw.mods\bootstraplauncher\1.1.2\c546e00443d8432cda6baa1c860346980742628\bootstraplauncher-1.1.2.jar;C:\Users\aelig\.gradle\caches\modules-2\files-2.1\cpw.mods\securejarhandler\2.1.10\51e6a22c6c716beb11e244bf5b8be480f51dd6b5\securejarhandler-2.1.10.jar;C:\Users\aelig\.gradle\caches\modules-2\files-2.1\net.minecraftforge\coremods\5.2.4\e30bab269d896613e38396274711410b3a0e4b87\coremods-5.2.4.jar;C:\Users\aelig\.gradle\caches\modules-2\files-2.1\org.openjdk.nashorn\nashorn-core\15.4\f67f5ffaa5f5130cf6fb9b133da00c7df3b532a5\nashorn-core-15.4.jar;C:\Users\aelig\.gradle\caches\modules-2\files-2.1\org.ow2.asm\asm-commons\9.7.1\406c6a2225cfe1819f102a161e54cc16a5c24f75\asm-commons-9.7.1.jar;C:\Users\aelig\.gradle\caches\modules-2\files-2.1\org.ow2.asm\asm-util\9.7.1\9e23359b598ec6b74b23e53110dd5c577adf2243\asm-util-9.7.1.jar;C:\Users\aelig\.gradle\caches\modules-2\files-2.1\org.ow2.asm\asm-analysis\9.7.1\f97a3b319f0ed6a8cd944dc79060d3912a28985f\asm-analysis-9.7.1.jar;C:\Users\aelig\.gradle\caches\modules-2\files-2.1\org.ow2.asm\asm-tree\9.7.1\3a53139787663b139de76b627fca0084ab60d32c\asm-tree-9.7.1.jar;C:\Users\aelig\.gradle\caches\modules-2\files-2.1\org.ow2.asm\asm\9.7.1\f0ed132a49244b042cd0e15702ab9f2ce3cc8436\asm-9.7.1.jar;C:\Users\aelig\.gradle\caches\modules-2\files-2.1\org.antlr\antlr4\4.9.1\e92af8ab33e428461927b484e90bb155a4f3a052\antlr4-4.9.1.jar;C:\Users\aelig\.gradle\caches\modules-2\files-2.1\org.antlr\antlr4-runtime\4.9.1\428664f05d2b7f7b7610204b5aa7c1763f62011a\antlr4-runtime-4.9.1.jar;C:\Users\aelig\.gradle\caches\modules-2\files-2.1\net.minecraftforge\unsafe\0.2.0\54d7a0a5e8fdb71b973025caa46f341ae5904f39\unsafe-0.2.0.jar;C:\Users\aelig\.gradle\caches\modules-2\files-2.1\com.electronwill.night-config\toml\3.6.4\51d6cefb2b55ee55ee26b16391212fb2c7dfb4f4\toml-3.6.4.jar;C:\Users\aelig\.gradle\caches\modules-2\files-2.1\com.electronwill.night-config\core\3.6.4\510f174abbf1c947494db50ef2445683bd52c230\core-3.6.4.jar;C:\Users\aelig\.gradle\caches\modules-2\files-2.1\org.apache.maven\maven-artifact\3.8.5\4433f50c07debefaed0553bd0068f4f48d449313\maven-artifact-3.8.5.jar;C:\Users\aelig\.gradle\caches\modules-2\files-2.1\net.jodah\typetools\0.6.3\a01aaa6ddaea9ec07ec4f209487b7a46a526283a\typetools-0.6.3.jar;C:\Users\aelig\.gradle\caches\modules-2\files-2.1\net.minecrell\terminalconsoleappender\1.2.0\96d02cd3b384ff015a8fef4223bcb4ccf1717c95\terminalconsoleappender-1.2.0.jar;C:\Users\aelig\.gradle\caches\modules-2\files-2.1\org.jline\jline-reader\3.12.1\4382ab1382c7b6f379377ed5f665dc2f6e1218bc\jline-reader-3.12.1.jar;C:\Users\aelig\.gradle\caches\modules-2\files-2.1\org.jline\jline-terminal\3.12.1\c777448314e050d980a6b697c140f3bfe9eb7416\jline-terminal-3.12.1.jar;C:\Users\aelig\.gradle\caches\modules-2\files-2.1\org.spongepowered\mixin\0.8.5\9d1c0c3a304ae6697ecd477218fa61b850bf57fc\mixin-0.8.5.jar;C:\Users\aelig\.gradle\caches\modules-2\files-2.1\net.minecraftforge\JarJarFileSystems\0.3.19\2464eb7d6b9ddb9db36a82cf8a95193e5c6fe020\JarJarFileSystems-0.3.19.jar;C:\Users\aelig\.gradle\caches\modules-2\files-2.1\com.github.oshi\oshi-core\6.2.2\54f5efc19bca95d709d9a37d19ffcbba3d21c1a6\oshi-core-6.2.2.jar;C:\Users\aelig\.gradle\caches\modules-2\files-2.1\com.google.code.gson\gson\2.10\dd9b193aef96e973d5a11ab13cd17430c2e4306b\gson-2.10.jar;C:\Users\aelig\.gradle\caches\modules-2\files-2.1\com.google.guava\failureaccess\1.0.1\1dcf1de382a0bf95a3d8b0849546c88bac1292c9\failureaccess-1.0.1.jar;C:\Users\aelig\.gradle\caches\modules-2\files-2.1\com.ibm.icu\icu4j\71.1\9e7d3304c23f9ba5cb71915f7cce23231a57a445\icu4j-71.1.jar;C:\Users\aelig\.gradle\caches\modules-2\files-2.1\com.mojang\authlib\4.0.43\2ff9d747a77570a07a60d32ac77eb6162ad2a2d9\authlib-4.0.43.jar;C:\Users\aelig\.gradle\caches\modules-2\files-2.1\com.mojang\blocklist\1.0.10\5c685c5ffa94c4cd39496c7184c1d122e515ecef\blocklist-1.0.10.jar;C:\Users\aelig\.gradle\caches\modules-2\files-2.1\com.mojang\brigadier\1.1.8\5244ce82c3337bba4a196a3ce858bfaecc74404a\brigadier-1.1.8.jar;C:\Users\aelig\.gradle\caches\modules-2\files-2.1\com.mojang\datafixerupper\6.0.8\3ba4a30557a9b057760af4011f909ba619fc5125\datafixerupper-6.0.8.jar;C:\Users\aelig\.gradle\caches\modules-2\files-2.1\com.mojang\logging\1.1.1\832b8e6674a9b325a5175a3a6267dfaf34c85139\logging-1.1.1.jar;C:\Users\aelig\.gradle\caches\modules-2\files-2.1\com.mojang\patchy\2.2.10\da05971b07cbb379d002cf7eaec6a2048211fefc\patchy-2.2.10.jar;C:\Users\aelig\.gradle\caches\modules-2\files-2.1\com.mojang\text2speech\1.17.9\3cad216e3a7f0c19b4b394388bc9ffc446f13b14\text2speech-1.17.9.jar;C:\Users\aelig\.gradle\caches\modules-2\files-2.1\org.apache.httpcomponents\httpclient\4.5.13\e5f6cae5ca7ecaac1ec2827a9e2d65ae2869cada\httpclient-4.5.13.jar;C:\Users\aelig\.gradle\caches\modules-2\files-2.1\commons-codec\commons-codec\1.15\49d94806b6e3dc933dacbd8acb0fdbab8ebd1e5d\commons-codec-1.15.jar;C:\Users\aelig\.gradle\caches\modules-2\files-2.1\commons-io\commons-io\2.11.0\a2503f302b11ebde7ebc3df41daebe0e4eea3689\commons-io-2.11.0.jar;C:\Users\aelig\.gradle\caches\modules-2\files-2.1\commons-logging\commons-logging\1.2\4bfc12adfe4842bf07b657f0369c4cb522955686\commons-logging-1.2.jar;C:\Users\aelig\.gradle\caches\modules-2\files-2.1\io.netty\netty-handler\4.1.82.Final\644041d1fa96a5d3130a29e8978630d716d76e38\netty-handler-4.1.82.Final.jar;C:\Users\aelig\.gradle\caches\modules-2\files-2.1\io.netty\netty-codec\4.1.82.Final\b77200379acb345a9ffdece1c605e591ac3e4e0a\netty-codec-4.1.82.Final.jar;C:\Users\aelig\.gradle\caches\modules-2\files-2.1\io.netty\netty-transport-classes-epoll\4.1.82.Final\e7c7dd18deac93105797f30057c912651ea76521\netty-transport-classes-epoll-4.1.82.Final.jar;C:\Users\aelig\.gradle\caches\modules-2\files-2.1\io.netty\netty-transport-native-unix-common\4.1.82.Final\3e895b35ca1b8a0eca56cacff4c2dde5d2c6abce\netty-transport-native-unix-common-4.1.82.Final.jar;C:\Users\aelig\.gradle\caches\modules-2\files-2.1\io.netty\netty-transport\4.1.82.Final\e431a218d91acb6476ccad5f5aafde50aa3945ca\netty-transport-4.1.82.Final.jar;C:\Users\aelig\.gradle\caches\modules-2\files-2.1\io.netty\netty-buffer\4.1.82.Final\a544270cf1ae8b8077082f5036436a9a9971ea71\netty-buffer-4.1.82.Final.jar;C:\Users\aelig\.gradle\caches\modules-2\files-2.1\io.netty\netty-resolver\4.1.82.Final\38f665ae8dcd29032eea31245ba7806bed2e0fa8\netty-resolver-4.1.82.Final.jar;C:\Users\aelig\.gradle\caches\modules-2\files-2.1\io.netty\netty-common\4.1.82.Final\22d148e85c3f5ebdacc0ce1f5aabb1d420f73f3\netty-common-4.1.82.Final.jar;C:\Users\aelig\.gradle\caches\modules-2\files-2.1\it.unimi.dsi\fastutil\8.5.9\bb7ea75ecdb216654237830b3a96d87ad91f8cc5\fastutil-8.5.9.jar;C:\Users\aelig\.gradle\caches\modules-2\files-2.1\net.java.dev.jna\jna-platform\5.12.1\97406a297c852f4a41e688a176ec675f72e8329\jna-platform-5.12.1.jar;C:\Users\aelig\.gradle\caches\modules-2\files-2.1\net.java.dev.jna\jna\5.12.1\b1e93a735caea94f503e95e6fe79bf9cdc1e985d\jna-5.12.1.jar;C:\Users\aelig\.gradle\caches\modules-2\files-2.1\net.sf.jopt-simple\jopt-simple\5.0.4\4fdac2fbe92dfad86aa6e9301736f6b4342a3f5c\jopt-simple-5.0.4.jar;C:\Users\aelig\.gradle\caches\modules-2\files-2.1\org.apache.commons\commons-compress\1.21\4ec95b60d4e86b5c95a0e919cb172a0af98011ef\commons-compress-1.21.jar;C:\Users\aelig\.gradle\caches\modules-2\files-2.1\org.apache.commons\commons-lang3\3.12.0\c6842c86792ff03b9f1d1fe2aab8dc23aa6c6f0e\commons-lang3-3.12.0.jar;C:\Users\aelig\.gradle\caches\modules-2\files-2.1\org.apache.httpcomponents\httpcore\4.4.15\7f2e0c573eaa7a74bac2e89b359e1f73d92a0a1d\httpcore-4.4.15.jar;C:\Users\aelig\.gradle\caches\modules-2\files-2.1\org.apache.logging.log4j\log4j-core\2.19.0\3b6eeb4de4c49c0fe38a4ee27188ff5fee44d0bb\log4j-core-2.19.0.jar;C:\Users\aelig\.gradle\caches\modules-2\files-2.1\org.apache.logging.log4j\log4j-slf4j2-impl\2.19.0\5c04bfdd63ce9dceb2e284b81e96b6a70010ee10\log4j-slf4j2-impl-2.19.0.jar;C:\Users\aelig\.gradle\caches\modules-2\files-2.1\org.apache.logging.log4j\log4j-api\2.19.0\ea1b37f38c327596b216542bc636cfdc0b8036fa\log4j-api-2.19.0.jar;C:\Users\aelig\.gradle\caches\modules-2\files-2.1\org.joml\joml\1.10.5\22566d58af70ad3d72308bab63b8339906deb649\joml-1.10.5.jar;C:\Users\aelig\.gradle\caches\modules-2\files-2.1\org.lwjgl\lwjgl-glfw\3.3.1\cbac1b8d30cb4795149c1ef540f912671a8616d0\lwjgl-glfw-3.3.1.jar;C:\Users\aelig\.gradle\caches\modules-2\files-2.1\org.lwjgl\lwjgl-glfw\3.3.1\ed892f945cf7e79c8756796f32d00fa4ceaf573b\lwjgl-glfw-3.3.1-natives-windows.jar;C:\Users\aelig\.gradle\caches\modules-2\files-2.1\org.lwjgl\lwjgl-glfw\3.3.1\beda65ee503443e60aa196d58ed31f8d001dc22a\lwjgl-glfw-3.3.1-natives-windows-arm64.jar;C:\Users\aelig\.gradle\caches\modules-2\files-2.1\org.lwjgl\lwjgl-glfw\3.3.1\b997e3391d6ce8f05487e7335d95c606043884a1\lwjgl-glfw-3.3.1-natives-windows-x86.jar;C:\Users\aelig\.gradle\caches\modules-2\files-2.1\org.lwjgl\lwjgl-jemalloc\3.3.1\a817bcf213db49f710603677457567c37d53e103\lwjgl-jemalloc-3.3.1.jar;C:\Users\aelig\.gradle\caches\modules-2\files-2.1\org.lwjgl\lwjgl-jemalloc\3.3.1\948a89b76a16aa324b046ae9308891216ffce5f9\lwjgl-jemalloc-3.3.1-natives-windows.jar;C:\Users\aelig\.gradle\caches\modules-2\files-2.1\org.lwjgl\lwjgl-jemalloc\3.3.1\cae85c4edb219c88b6a0c26a87955ad98dc9519d\lwjgl-jemalloc-3.3.1-natives-windows-arm64.jar;C:\Users\aelig\.gradle\caches\modules-2\files-2.1\org.lwjgl\lwjgl-jemalloc\3.3.1\fb476c8ec110e1c137ad3ce8a7f7bfe6b11c6324\lwjgl-jemalloc-3.3.1-natives-windows-x86.jar;C:\Users\aelig\.gradle\caches\modules-2\files-2.1\org.lwjgl\lwjgl-openal\3.3.1\2623a6b8ae1dfcd880738656a9f0243d2e6840bd\lwjgl-openal-3.3.1.jar;C:\Users\aelig\.gradle\caches\modules-2\files-2.1\org.lwjgl\lwjgl-openal\3.3.1\30a474d0e57193d7bc128849a3ab66bc9316fdb1\lwjgl-openal-3.3.1-natives-windows.jar;C:\Users\aelig\.gradle\caches\modules-2\files-2.1\org.lwjgl\lwjgl-openal\3.3.1\40d65f1a7368a2aa47336f9cb69f5a190cf9975a\lwjgl-openal-3.3.1-natives-windows-arm64.jar;C:\Users\aelig\.gradle\caches\modules-2\files-2.1\org.lwjgl\lwjgl-openal\3.3.1\888349f7b1be6fbae58bf8edfb9ef12def04c4e3\lwjgl-openal-3.3.1-natives-windows-x86.jar;C:\Users\aelig\.gradle\caches\modules-2\files-2.1\org.lwjgl\lwjgl-opengl\3.3.1\831a5533a21a5f4f81bbc51bb13e9899319b5411\lwjgl-opengl-3.3.1.jar;C:\Users\aelig\.gradle\caches\modules-2\files-2.1\org.lwjgl\lwjgl-opengl\3.3.1\c1807e9bd571402787d7e37e3029776ae2513bb8\lwjgl-opengl-3.3.1-natives-windows.jar;C:\Users\aelig\.gradle\caches\modules-2\files-2.1\org.lwjgl\lwjgl-opengl\3.3.1\527d78f1e9056aff3ed02ce93019c73c5e8f1721\lwjgl-opengl-3.3.1-natives-windows-arm64.jar;C:\Users\aelig\.gradle\caches\modules-2\files-2.1\org.lwjgl\lwjgl-opengl\3.3.1\deef3eb9b178ff2ff3ce893cc72ae741c3a17974\lwjgl-opengl-3.3.1-natives-windows-x86.jar;C:\Users\aelig\.gradle\caches\modules-2\files-2.1\org.lwjgl\lwjgl-stb\3.3.1\b119297cf8ed01f247abe8685857f8e7fcf5980f\lwjgl-stb-3.3.1.jar;C:\Users\aelig\.gradle\caches\modules-2\files-2.1\org.lwjgl\lwjgl-stb\3.3.1\86315914ac119efdb02dc9e8e978ade84f1702af\lwjgl-stb-3.3.1-natives-windows.jar;C:\Users\aelig\.gradle\caches\modules-2\files-2.1\org.lwjgl\lwjgl-stb\3.3.1\fde63cdd2605c00636721a6c8b961e41d1f6b247\lwjgl-stb-3.3.1-natives-windows-arm64.jar;C:\Users\aelig\.gradle\caches\modules-2\files-2.1\org.lwjgl\lwjgl-stb\3.3.1\a8d41f419eecb430b7c91ea2ce2c5c451cae2091\lwjgl-stb-3.3.1-natives-windows-x86.jar;C:\Users\aelig\.gradle\caches\modules-2\files-2.1\org.lwjgl\lwjgl-tinyfd\3.3.1\ff1914111ef2e3e0110ef2dabc8d8cdaad82347\lwjgl-tinyfd-3.3.1.jar;C:\Users\aelig\.gradle\caches\modules-2\files-2.1\org.lwjgl\lwjgl-tinyfd\3.3.1\a5d830475ec0958d9fdba1559efa99aef211e6ff\lwjgl-tinyfd-3.3.1-natives-windows.jar;C:\Users\aelig\.gradle\caches\modules-2\files-2.1\org.lwjgl\lwjgl-tinyfd\3.3.1\83a5e780df610829ff3a737822b4f931cffecd91\lwjgl-tinyfd-3.3.1-natives-windows-arm64.jar;C:\Users\aelig\.gradle\caches\modules-2\files-2.1\org.lwjgl\lwjgl-tinyfd\3.3.1\842eedd876fae354abc308c98a263f6bbc9e8a4d\lwjgl-tinyfd-3.3.1-natives-windows-x86.jar;C:\Users\aelig\.gradle\caches\modules-2\files-2.1\org.lwjgl\lwjgl\3.3.1\ae58664f88e18a9bb2c77b063833ca7aaec484cb\lwjgl-3.3.1.jar;C:\Users\aelig\.gradle\caches\modules-2\files-2.1\org.lwjgl\lwjgl\3.3.1\36c37f16ab611b3aa11f3bcf80b1d509b4ce6b\lwjgl-3.3.1-natives-windows.jar;C:\Users\aelig\.gradle\caches\modules-2\files-2.1\org.lwjgl\lwjgl\3.3.1\f46cadcf95675908fd3a550d63d9d709cb68998\lwjgl-3.3.1-natives-windows-arm64.jar;C:\Users\aelig\.gradle\caches\modules-2\files-2.1\org.lwjgl\lwjgl\3.3.1\3b14f4beae9dd39791ec9e12190a9380cd8a3ce6\lwjgl-3.3.1-natives-windows-x86.jar;C:\Users\aelig\.gradle\caches\modules-2\files-2.1\com.machinezoo.noexception\noexception\1.7.1\b65330c98e38a1f915fa54a6e5eca496505e3f0a\noexception-1.7.1.jar;C:\Users\aelig\.gradle\caches\modules-2\files-2.1\org.slf4j\slf4j-simple\1.7.30\e606eac955f55ecf1d8edcccba04eb8ac98088dd\slf4j-simple-1.7.30.jar;C:\Users\aelig\.gradle\caches\modules-2\files-2.1\org.slf4j\slf4j-api\2.0.1\f48d81adce2abf5ad3cfe463df517952749e03bc\slf4j-api-2.0.1.jar;C:\Users\aelig\.gradle\caches\modules-2\files-2.1\net.minecraftforge\srgutils\0.4.11\fbad1341ffdb47d276bbdc40ecb06da49e053e74\srgutils-0.4.11.jar;C:\Users\aelig\.gradle\caches\modules-2\files-2.1\org.codehaus.plexus\plexus-utils\3.3.0\cf43b5391de623b36fe066a21127baef82c64022\plexus-utils-3.3.0.jar;C:\Users\aelig\.gradle\caches\modules-2\files-2.1\com.google.guava\listenablefuture\9999.0-empty-to-avoid-conflict-with-guava\b421526c5f297295adef1c886e5246c39d4ac629\listenablefuture-9999.0-empty-to-avoid-conflict-with-guava.jar;C:\Users\aelig\.gradle\caches\modules-2\files-2.1\org.checkerframework\checker-qual\3.12.0\d5692f0526415fcc6de94bb5bfbd3afd9dd3b3e5\checker-qual-3.12.0.jar;C:\Users\aelig\.gradle\caches\modules-2\files-2.1\com.google.errorprone\error_prone_annotations\2.11.0\c5a0ace696d3f8b1c1d8cc036d8c03cc0cbe6b69\error_prone_annotations-2.11.0.jar;C:\Users\aelig\.gradle\caches\modules-2\files-2.1\com.google.j2objc\j2objc-annotations\1.3\ba035118bc8bac37d7eff77700720999acd9986d\j2objc-annotations-1.3.jar;C:\Users\aelig\.gradle\caches\modules-2\files-2.1\org.antlr\ST4\4.3\92f2c1ad8d84abcbeead6cf7f2c53a04166293c2\ST4-4.3.jar;C:\Users\aelig\.gradle\caches\modules-2\files-2.1\org.antlr\antlr-runtime\3.5.2\cd9cd41361c155f3af0f653009dcecb08d8b4afd\antlr-runtime-3.5.2.jar;C:\Users\aelig\.gradle\caches\modules-2\files-2.1\org.abego.treelayout\org.abego.treelayout.core\1.0.3\457216e8e6578099ae63667bb1e4439235892028\org.abego.treelayout.core-1.0.3.jar;C:\Users\aelig\.gradle\caches\modules-2\files-2.1\org.glassfish\javax.json\1.0.4\3178f73569fd7a1e5ffc464e680f7a8cc784b85a\javax.json-1.0.4.jar
Launcher Type: SUN_STANDARD

[Global flags]
     intx CICompilerCount                          = 3                                         {product} {ergonomic}
     uint ConcGCThreads                            = 1                                         {product} {ergonomic}
     uint G1ConcRefinementThreads                  = 4                                         {product} {ergonomic}
   size_t G1HeapRegionSize                         = 2097152                                   {product} {ergonomic}
    uintx GCDrainStackTargetSize                   = 64                                        {product} {ergonomic}
    ccstr HeapDumpPath                             = MojangTricksIntelDriversForPerformance_javaw.exe_minecraft.exe.heapdump         {manageable} {command line}
   size_t InitialHeapSize                          = 234881024                                 {product} {ergonomic}
   size_t MarkStackSize                            = 4194304                                   {product} {ergonomic}
   size_t MaxHeapSize                              = 3739222016                                {product} {ergonomic}
   size_t MaxNewSize                               = 2241855488                                {product} {ergonomic}
   size_t MinHeapDeltaBytes                        = 2097152                                   {product} {ergonomic}
   size_t MinHeapSize                              = 8388608                                   {product} {ergonomic}
    uintx NonNMethodCodeHeapSize                   = 5832780                                {pd product} {ergonomic}
    uintx NonProfiledCodeHeapSize                  = 122912730                              {pd product} {ergonomic}
    uintx ProfiledCodeHeapSize                     = 122912730                              {pd product} {ergonomic}
    uintx ReservedCodeCacheSize                    = 251658240                              {pd product} {ergonomic}
     bool SegmentedCodeCache                       = true                                      {product} {ergonomic}
   size_t SoftMaxHeapSize                          = 3739222016                             {manageable} {ergonomic}
     bool UseCompressedOops                        = true                           {product lp64_product} {ergonomic}
     bool UseG1GC                                  = true                                      {product} {ergonomic}
     bool UseLargePagesIndividualAllocation        = false                                  {pd product} {ergonomic}

Logging:
Log output configuration:
 #0: stdout all=warning uptime,level,tags foldmultilines=false
 #1: stderr all=off uptime,level,tags foldmultilines=false

Environment Variables:
PATH=C:\Program Files\ImageMagick-7.1.1-Q16-HDRI;D:\Program Files\Wmware\bin\;C:\Program Files\Common Files\Oracle\Java\javapath;C:\Program Files (x86)\Common Files\Oracle\Java\java8path;C:\Program Files (x86)\Common Files\Oracle\Java\javapath;C:\WINDOWS\system32;C:\WINDOWS;C:\WINDOWS\System32\Wbem;C:\WINDOWS\System32\WindowsPowerShell\v1.0\;C:\WINDOWS\System32\OpenSSH\;C:\Program Files\Microsoft SQL Server\150\Tools\Binn\;C:\Program Files\Microsoft SQL Server\Client SDK\ODBC\170\Tools\Binn\;C:\Program Files\dotnet\;C:\Program Files\Git\cmd;D:\Aelig\Gradle\gradle-8.10-bin\gradle-8.10\bin;C:\Users\aelig\ffmpeg-n6.1.2-8-gf00f71f590-win64-gpl-6.1\bin;C:\Users\aelig\AppData\Local\nvm;C:\nvm4w\nodejs;C:\ProgramData\chocolatey\bin;C:\Users\aelig\Local\Roaming\nvm\v18.20.8;D:\APLICATIONS\dfu-util-0.9-win64\dfu-util-0.9-win64;C:\Users\aelig\AppData\Local\Programs\Python\Launcher\;C:\Users\aelig\AppData\Local\Programs\Python\Python312\Scripts\;C:\Users\aelig\AppData\Local\Programs\Python\Python312\;C:\Users\aelig\AppData\Local\Microsoft\WindowsApps;C:\Users\aelig\.dotnet\tools;C:\Program Files\JetBrains\IntelliJ IDEA 2023.2.1\bin;;D:\APLICATIONS\IntelliJ IDEA Community Edition 2025.1.1.1\bin;;C:\Users\aelig\AppData\Local\Programs\Microsoft VS Code\bin;D:\APLICATIONS\PyCharm 2025.1.1.1\bin;;D:\APLICATIONS\JetBrains Rider 2025.1.2\bin;;D:\APLICATIONS\CLion 2025.1.2\bin;;C:\Users\aelig\AppData\Local\nvm;C:\nvm4w\nodejs;C:\Users\aelig\AppData\Roaming\npm
USERNAME=aelig
OS=Windows_NT
PROCESSOR_IDENTIFIER=AMD64 Family 23 Model 24 Stepping 1, AuthenticAMD
TMP=C:\Users\aelig\AppData\Local\Temp
TEMP=C:\Users\aelig\AppData\Local\Temp




Periodic native trim disabled

---------------  S Y S T E M  ---------------

OS:
 Windows 11 , 64 bit Build 26100 (10.0.26100.5074)
OS uptime: 16 days 19:25 hours
Hyper-V role detected

CPU: total 4 (initial active 4) (4 cores per cpu, 1 threads per core) family 23 model 24 stepping 1 microcode 0x8108109, cx8, cmov, fxsr, mmx, 3dnowpref, sse, sse2, sse3, ssse3, sse4a, sse4.1, sse4.2, popcnt, lzcnt, tsc, tscinvbit, avx, avx2, aes, clmul, bmi1, bmi2, adx, sha, fma, vzeroupper, clflush, clflushopt, hv, rdtscp, f16c
Processor Information for all 4 processors :
  Max Mhz: 3600, Current Mhz: 3600, Mhz Limit: 3600

Memory: 4k page, system-wide physical 14258M (3841M free)
TotalPageFile size 28594M (AvailPageFile size 12079M)
current process WorkingSet (physical memory assigned to process): 308M, peak: 312M
current process commit charge ("private bytes"): 392M, peak: 401M

vm_info: Java HotSpot(TM) 64-Bit Server VM (21.0.4+8-LTS-274) for windows-amd64 JRE (21.0.4+8-LTS-274), built on 2024-06-05T05:23:33Z by "mach5one" with MS VC++ 17.6 (VS2022)

END.
