#
# A fatal error has been detected by the Java Runtime Environment:
#
#  EXCEPTION_ACCESS_VIOLATION (0xc0000005) at pc=0x0000000000000000, pid=8168, tid=18136
#
# JRE version: Java(TM) SE Runtime Environment (21.0.4+8) (build 21.0.4+8-LTS-274)
# Java VM: Java HotSpot(TM) 64-Bit Server VM (21.0.4+8-LTS-274, mixed mode, sharing, tiered, compressed oops, compressed class ptrs, g1 gc, windows-amd64)
# Problematic frame:
# C  [jdwp.dll+0x161bf]
#
# No core dump will be written. Minidumps are not enabled by default on client versions of Windows
#
# If you would like to submit a bug report, please visit:
#   https://bugreport.java.com/bugreport/crash.jsp
# The crash happened outside the Java Virtual Machine in native code.
# See problematic frame for where to report the bug.
#

---------------  S U M M A R Y ------------

Command Line: -Ddebugger.agent.enable.coroutines=true -Dforge.enableGameTest=true -Dforge.enabledGameTestNamespaces=cif -Dforge.logging.console.level=debug -Dforge.logging.markers=REGISTRIES -DignoreList=bootstraplauncher,securejarhandler,asm-commons,asm-util,asm-analysis,asm-tree,asm,JarJarFileSystems,client-extra,fmlcore,javafmllanguage,lowcodelanguage,mclanguage,forge- -Djava.net.preferIPv6Addresses=system -Dkotlinx.coroutines.debug.enable.creation.stack.trace=false -Dkotlinx.coroutines.debug.enable.flows.stack.trace=true -Dkotlinx.coroutines.debug.enable.mutable.state.flows.stack.trace=true -DlegacyClassPath.file=D:\aelig\Documents\maison\minecraft\java\mes mods\java\CIF\build\classpath\runClient_minecraftClasspath.txt -DmergeModules=jna-5.10.0.jar,jna-platform-5.10.0.jar -Dmixin.env.refMapRemappingFile=D:\aelig\Documents\maison\minecraft\java\mes mods\java\CIF\build\createSrgToMcp\output.srg -Dmixin.env.remapRefMap=true -Dnet.minecraftforge.gradle.GradleStart.srg.srg-mcp=D:\aelig\Documents\maison\minecraft\java\mes mods\java\CIF\build\createSrgToMcp\output.srg --module-path=C:\Users\aelig\.gradle\caches\modules-2\files-2.1\cpw.mods\bootstraplauncher\1.1.2\c546e00443d8432cda6baa1c860346980742628\bootstraplauncher-1.1.2.jar;C:\Users\aelig\.gradle\caches\modules-2\files-2.1\cpw.mods\securejarhandler\2.1.10\51e6a22c6c716beb11e244bf5b8be480f51dd6b5\securejarhandler-2.1.10.jar;C:\Users\aelig\.gradle\caches\modules-2\files-2.1\org.ow2.asm\asm-commons\9.7.1\406c6a2225cfe1819f102a161e54cc16a5c24f75\asm-commons-9.7.1.jar;C:\Users\aelig\.gradle\caches\modules-2\files-2.1\org.ow2.asm\asm-util\9.7.1\9e23359b598ec6b74b23e53110dd5c577adf2243\asm-util-9.7.1.jar;C:\Users\aelig\.gradle\caches\modules-2\files-2.1\org.ow2.asm\asm-analysis\9.7.1\f97a3b319f0ed6a8cd944dc79060d3912a28985f\asm-analysis-9.7.1.jar;C:\Users\aelig\.gradle\caches\modules-2\files-2.1\org.ow2.asm\asm-tree\9.7.1\3a53139787663b139de76b627fca0084ab60d32c\asm-tree-9.7.1.jar;C:\Users\aelig\.gradle\caches\modules-2\files-2.1\org.ow2.asm\asm\9.7.1\f0ed132a49244b042cd0e15702ab9f2ce3cc8436\asm-9.7.1.jar;C:\Users\aelig\.gradle\caches\modules-2\files-2.1\net.minecraftforge\JarJarFileSystems\0.3.19\2464eb7d6b9ddb9db36a82cf8a95193e5c6fe020\JarJarFileSystems-0.3.19.jar --add-modules=ALL-MODULE-PATH --add-opens=java.base/java.util.jar=cpw.mods.securejarhandler --add-opens=java.base/java.lang.invoke=cpw.mods.securejarhandler --add-exports=java.base/sun.security.util=cpw.mods.securejarhandler --add-exports=jdk.naming.dns/com.sun.jndi.dns=java.naming -XX:HeapDumpPath=MojangTricksIntelDriversForPerformance_javaw.exe_minecraft.exe.heapdump --module-path=C:\Users\aelig\.gradle\caches\modules-2\files-2.1\cpw.mods\bootstraplauncher\1.1.2\c546e00443d8432cda6baa1c860346980742628\bootstraplauncher-1.1.2.jar;C:\Users\aelig\.gradle\caches\modules-2\files-2.1\cpw.mods\securejarhandler\2.1.10\51e6a22c6c716beb11e244bf5b8be480f51dd6b5\securejarhandler-2.1.10.jar;C:\Users\aelig\.gradle\caches\modules-2\files-2.1\org.ow2.asm\asm-commons\9.7.1\406c6a2225cfe1819f102a161e54cc16a5c24f75\asm-commons-9.7.1.jar;C:\Users\aelig\.gradle\caches\modules-2\files-2.1\org.ow2.asm\asm-util\9.7.1\9e23359b598ec6b74b23e53110dd5c577adf2243\asm-util-9.7.1.jar;C:\Users\aelig\.gradle\caches\modules-2\files-2.1\org.ow2.asm\asm-analysis\9.7.1\f97a3b319f0ed6a8cd944dc79060d3912a28985f\asm-analysis-9.7.1.jar;C:\Users\aelig\.gradle\caches\modules-2\files-2.1\org.ow2.asm\asm-tree\9.7.1\3a53139787663b139de76b627fca0084ab60d32c\asm-tree-9.7.1.jar;C:\Users\aelig\.gradle\caches\modules-2\files-2.1\org.ow2.asm\asm\9.7.1\f0ed132a49244b042cd0e15702ab9f2ce3cc8436\asm-9.7.1.jar;C:\Users\aelig\.gradle\caches\modules-2\files-2.1\net.minecraftforge\JarJarFileSystems\0.3.19\2464eb7d6b9ddb9db36a82cf8a95193e5c6fe020\JarJarFileSystems-0.3.19.jar --add-modules=ALL-MODULE-PATH --add-opens=java.base/java.util.jar=cpw.mods.securejarhandler --add-opens=java.base/java.lang.invoke=cpw.mods.securejarhandler --add-exports=java.base/sun.security.util=cpw.mods.securejarhandler --add-exports=jdk.naming.dns/com.sun.jndi.dns=java.naming -XX:HeapDumpPath=MojangTricksIntelDriversForPerformance_javaw.exe_minecraft.exe.heapdump -agentlib:jdwp=transport=dt_socket,server=n,suspend=y,address=127.0.0.1:58264 -javaagent:C:\Users\aelig\AppData\Local\JetBrains\IdeaIC2025.1\captureAgent\debugger-agent.jar=file:///C:/Users/aelig/AppData/Local/Temp/capture39902897524894373.props -Dfile.encoding=UTF-8 -Duser.country=FR -Duser.language=fr -Duser.variant cpw.mods.bootstraplauncher.BootstrapLauncher --launchTarget forgeclientuserdev --version MOD_DEV --assetIndex 5 --assetsDir C:\Users\aelig\.gradle\caches\forge_gradle\assets --gameDir . --fml.forgeVersion 47.4.0 --fml.mcVersion 1.20.1 --fml.forgeGroup net.minecraftforge --fml.mcpVersion 20230612.114412 --mixin.config cif.mixins.json

Host: AMD Ryzen 3 3200G with Radeon Vega Graphics    , 4 cores, 13G,  Windows 11 , 64 bit Build 26100 (10.0.26100.5074)
Time: Sun Sep 28 13:35:53 2025 Paris, Madrid (heure duild 26100 (10.0.26100.5074) elapsed time: 8.413710 seconds (0d 0h 0m 8s)

---------------  T H R E A D  ---------------

Current thread (0x0000019a98726580):  JavaThread "main"             [_thread_in_native, id=18136, stack(0x0000002ee3a00000,0x0000002ee3b00000) (1024K)]

Stack: [0x0000002ee3a00000,0x0000002ee3b00000],  sp=0x0000002ee3afe390,  free space=1016k
Native frames: (J=compiled Java code, j=interpreted, Vv=VM code, C=native code)

Java frames: (J=compiled Java code, j=interpreted, Vv=VM code)
j  org.lwjgl.glfw.GLFW.glfwInit()Z+0 org.lwjgl.glfw@3.3.1+7
j  net.minecraftforge.fml.earlydisplay.DisplayWindow.initWindow(Ljava/lang/String;)V+4 fmlearlydisplay@1.20.1-47.4.0
j  net.minecraftforge.fml.earlydisplay.DisplayWindow.start(Ljava/lang/String;Ljava/lang/String;)Ljava/lang/Runnable;+14 fmlearlydisplay@1.20.1-47.4.0
j  net.minecraftforge.fml.earlydisplay.DisplayWindow.initialize([Ljava/lang/String;)Ljava/lang/Runnable;+402 fmlearlydisplay@1.20.1-47.4.0
j  net.minecraftforge.fml.loading.ImmediateWindowHandler.load(Ljava/lang/String;[Ljava/lang/String;)V+180 fmlloader@1.20.1-47.4.0
j  net.minecraftforge.fml.loading.ModDirTransformerDiscoverer.earlyInitialization(Ljava/lang/String;[Ljava/lang/String;)V+2 fmlloader@1.20.1-47.4.0
j  cpw.mods.modlauncher.TransformationServicesHandler.lambda$discoverServices$18(Lcpw/mods/modlauncher/ArgumentHandler$DiscoveryData;Lcpw/mods/modlauncher/serviceapi/ITransformerDiscoveryService;)V+9 cpw.mods.modlauncher@10.0.9
j  cpw.mods.modlauncher.TransformationServicesHandler$$Lambda+0x0000019aba2373b8.accept(Ljava/lang/Object;)V+8 cpw.mods.modlauncher@10.0.9
J 2675 c2 java.lang.Iterable.forEach(Ljava/util/function/Consumer;)V java.base@21.0.4 (39 bytes) @ 0x0000019aaa2fc2cc [0x0000019aaa2fbe40+0x000000000000048c]
j  cpw.mods.modlauncher.TransformationServicesHandler.discoverServices(Lcpw/mods/modlauncher/ArgumentHandler$DiscoveryData;)V+145 cpw.mods.modlauncher@10.0.9
j  cpw.mods.modlauncher.Launcher.run([Ljava/lang/String;)V+14 cpw.mods.modlauncher@10.0.9
j  cpw.mods.modlauncher.Launcher.main([Ljava/lang/String;)V+78 cpw.mods.modlauncher@10.0.9
j  cpw.mods.modlauncher.BootstrapLaunchConsumer.accept([Ljava/lang/String;)V+1 cpw.mods.modlauncher@10.0.9
j  cpw.mods.modlauncher.BootstrapLaunchConsumer.accept(Ljava/lang/Object;)V+5 cpw.mods.modlauncher@10.0.9
j  cpw.mods.bootstraplauncher.BootstrapLauncher.main([Ljava/lang/String;)V+515 cpw.mods.bootstraplauncher@1.1.2
v  ~StubRoutines::call_stub 0x0000019aa9b8100d

siginfo: EXCEPTION_ACCESS_VIOLATION (0xc0000005), data execution prevention violation at address 0x0000000000000000


Registers:
RAX=0x0000019a81aa7fa0, RBX=0x0000019ab881ace0, RCX=0x0000019a98726938, RDX=0x0000019ab881ace0
RSP=0x0000002ee3afe388, RBP=0x0000000000000002, RSI=0x0000002ee3afe430, RDI=0x0000019a98726938
R8 =0x0000000000010002, R9 =0x0000000000000000, R10=0x00007fff64bc0000, R11=0x0000002ee3afe358
R12=0x0000000000000007, R13=0x0000019ab881ace0, R14=0x00007fff4fc50400, R15=0x0000000000000000
RIP=0x0000000000000000, EFLAGS=0x0000000000010202


Register to memory mapping:

RAX=0x0000019a81aa7fa0 points into unknown readable memory: 0x0000000000000000 | 00 00 00 00 00 00 00 00
RBX=0x0000019ab881ace0 points into unknown readable memory: 0x0000000721b6da30 | 30 da b6 21 07 00 00 00
RCX=0x0000019a98726938 points into unknown readable memory: 0x0000019a81aa7fa0 | a0 7f aa 81 9a 01 00 00
RDX=0x0000019ab881ace0 points into unknown readable memory: 0x0000000721b6da30 | 30 da b6 21 07 00 00 00
RSP=0x0000002ee3afe388 is pointing into the stack for thread: 0x0000019a98726580
RBP=0x0000000000000002 is an unknown value
RSI=0x0000002ee3afe430 is pointing into the stack for thread: 0x0000019a98726580
RDI=0x0000019a98726938 points into unknown readable memory: 0x0000019a81aa7fa0 | a0 7f aa 81 9a 01 00 00
R8 =0x0000000000010002 is an unknown value
R9 =0x0 is null
R10=0x00007fff64bc0000 VCRUNTIME140.dll
R11=0x0000002ee3afe358 is pointing into the stack for thread: 0x0000019a98726580
R12=0x0000000000000007 is an unknown value
R13=0x0000019ab881ace0 points into unknown readable memory: 0x0000000721b6da30 | 30 da b6 21 07 00 00 00
R14=0x00007fff4fc50400 jdwp.dll
R15=0x0 is null

Top of Stack: (sp=0x0000002ee3afe388)
0x0000002ee3afe388:   00007fff4fc361bf 0000019ab881ace0
0x0000002ee3afe398:   0000002ee3afe430 0000000000000000
0x0000002ee3afe3a8:   0000000000000000 00007ffecbec7e18
0x0000002ee3afe3b8:   0000019ab8a1d9d0 0000019a9872e490
0x0000002ee3afe3c8:   00007fff4fc50428 0000019a98726b58
0x0000002ee3afe3d8:   00007fff4fc3283f 0000019ab881ace0
0x0000002ee3afe3e8:   0000000000000002 0000019a98726938
0x0000002ee3afe3f8:   0000019ab881ace8 0000002ee3afe5f0
0x0000002ee3afe408:   0000019ab86b41d0 00000005fea20100
0x0000002ee3afe418:   0000019aba283c00 0000000000000000
0x0000002ee3afe428:   0000000bffffffff 0000000000000007
0x0000002ee3afe438:   0000019ab881ace0 0000000000000000
0x0000002ee3afe448:   0000019ab881ace8 0000000000000000
0x0000002ee3afe458:   0000000000000000 0000000000000000
0x0000002ee3afe468:   0000000000000000 0000000000000000
0x0000002ee3afe478:   0000000000000000 0000000000000000
0x0000002ee3afe488:   0000019a98726b58 0000019aba283c00
0x0000002ee3afe498:   00007ffecb817fa7 0000019ab881ace8
0x0000002ee3afe4a8:   0000019ab8b827a0 0000019a98726580
0x0000002ee3afe4b8:   00007ffecb5230f2 000049cb3dca2c75
0x0000002ee3afe4c8:   0000019a9871a1f0 0000019a98726580
0x0000002ee3afe4d8:   0000019afb27bd01 0000002ee3afe570
0x0000002ee3afe4e8:   00007ffecb51f990 0000019aba283c00
0x0000002ee3afe4f8:   0000000000000000 0000019a98ba9f50
0x0000002ee3afe508:   0000019a98726bf0 0000019a98726c00
0x0000002ee3afe518:   0000019a98726fd8 00000000000003d8
0x0000002ee3afe528:   0000019a98726580 0000019a98726580
0x0000002ee3afe538:   0000019a98ba9cd0 0000019a98712ec0
0x0000002ee3afe548:   0000019a98712ed0 0000019a98712fa8
0x0000002ee3afe558:   00000000000000d8 0000002ee3afe570
0x0000002ee3afe568:   00007ffecb519d41 0000019a98726580
0x0000002ee3afe578:   0000019a98ba9cd0 0000019a98712ec0 

Instructions: (pc=0x00007fff4fc361bf)
0x00007fff4fc360bf:   2c 41 b8 61 02 00 00 48 8d 0d cb 6e 01 00 48 8b
0x00007fff4fc360cf:   d3 e8 7f 50 00 00 41 8b cc e8 33 a0 ff ff 48 8b
0x00007fff4fc360df:   d0 48 8d 0d 89 a4 01 00 e8 10 51 00 00 4c 8b 4e
0x00007fff4fc360ef:   28 48 8d 0d 91 a4 01 00 4c 8b 46 20 48 8b 56 08
0x00007fff4fc360ff:   e8 4c 0d 01 00 48 8b 05 f5 0f 02 00 f6 80 10 02
0x00007fff4fc3610f:   00 00 02 74 28 41 b8 6a 02 00 00 48 8d 0d e3 62
0x00007fff4fc3611f:   01 00 48 8b d3 e8 2b 50 00 00 48 8d 15 c8 63 01
0x00007fff4fc3612f:   00 48 8d 0d e1 62 01 00 e8 c0 50 00 00 48 8b 07
0x00007fff4fc3613f:   48 8b cf ff 50 78 48 8b 0d b4 0f 02 00 4c 8b f8
0x00007fff4fc3614f:   f6 81 10 02 00 00 02 74 28 41 b8 6b 02 00 00 48
0x00007fff4fc3615f:   8d 0d 9f 62 01 00 48 8b d3 e8 e7 4f 00 00 48 8d
0x00007fff4fc3616f:   15 bc 63 01 00 48 8d 0d 9d 62 01 00 e8 7c 50 00
0x00007fff4fc3617f:   00 48 8b 07 48 8b cf ff 90 88 00 00 00 83 3d 29
0x00007fff4fc3618f:   0b 02 00 00 76 0c e8 ce 5b ff ff 83 25 1b 0b 02
0x00007fff4fc3619f:   00 00 48 8b 5e 08 48 85 db 74 4b 48 8b 05 4f 0f
0x00007fff4fc361af:   02 00 80 78 13 00 74 0b 48 8b cb e8 f5 06 01 00
0x00007fff4fc361bf:   88 46 10 4d 8b c7 48 8b d6 41 8a ce e8 08 a1 00
0x00007fff4fc361cf:   00 48 8b e8 48 85 c0 75 25 48 8b cb e8 c0 44 00
0x00007fff4fc361df:   00 84 c0 0f 84 ea 00 00 00 48 8b d3 41 8a ce e8
0x00007fff4fc361ef:   ad 13 00 00 eb e3 e8 0e 0e 00 00 48 8b e8 4c 8b
0x00007fff4fc361ff:   cd 44 88 74 24 20 45 8b c4 48 8b d6 48 8b cf e8
0x00007fff4fc3620f:   e1 00 00 00 83 3e 14 75 0b 48 8b 05 e1 0e 02 00
0x00007fff4fc3621f:   c6 40 10 01 48 85 db 75 08 48 8b cd e8 0c 53 ff
0x00007fff4fc3622f:   ff 48 8b 05 c9 0e 02 00 4d 85 ff 74 43 f6 80 10
0x00007fff4fc3623f:   02 00 00 02 74 2c 41 b8 b3 02 00 00 48 8d 15 d6
0x00007fff4fc3624f:   a1 01 00 48 8d 0d ab 61 01 00 e8 f6 4e 00 00 48
0x00007fff4fc3625f:   8d 15 1b 7d 01 00 48 8d 0d ac 61 01 00 e8 8b 4f
0x00007fff4fc3626f:   00 00 48 8b 07 49 8b d7 48 8b cf ff 50 68 eb 41
0x00007fff4fc3627f:   f6 80 10 02 00 00 02 74 2c 41 b8 b5 02 00 00 48
0x00007fff4fc3628f:   8d 15 93 a1 01 00 48 8d 0d 68 61 01 00 e8 b3 4e
0x00007fff4fc3629f:   00 00 48 8d 15 88 62 01 00 48 8d 0d 69 61 01 00
0x00007fff4fc362af:   e8 48 4f 00 00 48 8b 07 48 8b cf ff 90 88 00 00 


Stack slot to memory mapping:

stack at sp + 0 slots: 0x0000019ab881ace0 points into unknown readable memory: 0x0000000721b6da30 | 30 da b6 21 07 00 00 00
stack at sp + 1 slots: 0x0000002ee3afe430 is pointing into the stack for thread: 0x0000019a98726580
stack at sp + 2 slots: 0x0 is null
stack at sp + 3 slots: 0x0 is null
stack at sp + 4 slots: 0x00007ffecbec7e18 jvm.dll
stack at sp + 5 slots: 0x0000019ab8a1d9d0 points into unknown readable memory: 0x0000019aaa120010 | 10 00 12 aa 9a 01 00 00
stack at sp + 6 slots: 0x0000019a9872e490 points into unknown readable memory: 0x8000001600000001 | 01 00 00 00 16 00 00 80
stack at sp + 7 slots: 0x00007fff4fc50428 jdwp.dll


Compiled method (c2)    8481 2675       4       java.lang.Iterable::forEach (39 bytes)
 total in heap  [0x0000019aaa2fbc10,0x0000019aaa2fcbc8] = 4024
 relocation     [0x0000019aaa2fbd68,0x0000019aaa2fbe28] = 192
 main code      [0x0000019aaa2fbe40,0x0000019aaa2fc610] = 2000
 stub code      [0x0000019aaa2fc610,0x0000019aaa2fc638] = 40
 oops           [0x0000019aaa2fc638,0x0000019aaa2fc640] = 8
 metadata       [0x0000019aaa2fc640,0x0000019aaa2fc6b0] = 112
 scopes data    [0x0000019aaa2fc6b0,0x0000019aaa2fc980] = 720
 scopes pcs     [0x0000019aaa2fc980,0x0000019aaa2fcae0] = 352
 dependencies   [0x0000019aaa2fcae0,0x0000019aaa2fcaf8] = 24
 handler table  [0x0000019aaa2fcaf8,0x0000019aaa2fcb88] = 144
 nul chk table  [0x0000019aaa2fcb88,0x0000019aaa2fcbc8] = 64

[Constant Pool (empty)]

[MachCode]
[Entry Point]
  # {method} {0x0000019ab9057820} 'forEach' '(Ljava/util/function/Consumer;)V' in 'java/lang/Iterable'
  # this:     rdx:rdx   = 'java/lang/Iterable'
  # parm0:    r8:r8     = 'java/util/function/Consumer'
  #           [sp+0x90]  (sp of caller)
  0x0000019aaa2fbe40: 448b 5208 | 49bb 0000 | 00b9 9a01 | 0000 4d03 | d349 3bc2 

  0x0000019aaa2fbe54: ;   {runtime_call ic_miss_stub}
  0x0000019aaa2fbe54: 0f85 2629 | 8dff 6690 | 0f1f 4000 
[Verified Entry Point]
  0x0000019aaa2fbe60: 8984 2400 | 80ff ff55 | 4881 ec80 | 0000 0090 | 4181 7f20 | 0100 0000 | 0f85 8807 | 0000 4889 
  0x0000019aaa2fbe80: 1424 4c89 | 4424 0845 | 8b50 0844 | 8954 2418 | 6690 c5f8 | 7748 b850 | 7a05 ff9a 

  0x0000019aaa2fbe9c: ;   {virtual_call}
  0x0000019aaa2fbe9c: 0100 00e8 

  0x0000019aaa2fbea0: ; ImmutableOopMap {[0]=Oop [8]=Oop }
                      ;*invokeinterface iterator {reexecute=0 rethrow=0 return_oop=1}
                      ; - java.lang.Iterable::forEach@6 (line 74)
  0x0000019aaa2fbea0: 6c62 9bff 

  0x0000019aaa2fbea4: ;   {other}
  0x0000019aaa2fbea4: 0f1f 8400 | 9402 0000 | 4889 4424 | 1048 8bd0 | 6690 c5f8 | 7748 b890 | 7605 ff9a 

  0x0000019aaa2fbec0: ;   {virtual_call}
  0x0000019aaa2fbec0: 0100 00e8 

  0x0000019aaa2fbec4: ; ImmutableOopMap {[0]=Oop [8]=Oop [16]=Oop }
                      ;*invokeinterface hasNext {reexecute=0 rethrow=0 return_oop=0}
                      ; - java.lang.Iterable::forEach@13 (line 74)
  0x0000019aaa2fbec4: 5863 9bff 

  0x0000019aaa2fbec8: ;   {other}
  0x0000019aaa2fbec8: 0f1f 8400 | b802 0001 | 85c0 0f84 | 8203 0000 | 4c8b 5424 | 1045 8b5a | 0844 895c | 241c eb78 
  0x0000019aaa2fbee8: 448b c341 | c1e8 1044 | 33c3 895e | 0c49 8bd5 | 4c89 4c24 | 2848 8bf8 | 48c1 e703 | 4b8d 2cf4 
  0x0000019aaa2fbf08: 4c8b ce33 | f6b9 0100 | 0000 4c89 | 4c24 484c | 896c 2450 | 4c89 4c24 | 5889 4424 | 3466 6690 
  0x0000019aaa2fbf28: ;   {optimized virtual_call}
  0x0000019aaa2fbf28: c5f8 77e8 

  0x0000019aaa2fbf2c: ; ImmutableOopMap {rbp=Oop [0]=Oop [8]=Oop [16]=Oop [32]=Oop [40]=Oop [52]=NarrowOop [72]=Oop [80]=Oop [88]=Oop }
                      ;*invokevirtual putVal {reexecute=0 rethrow=0 return_oop=1}
                      ; - java.util.HashMap::put@9 (line 618)
                      ; - cpw.mods.cl.ModuleClassLoader::lambda$new$6@6 (line 66)
                      ; - cpw.mods.cl.ModuleClassLoader$$Lambda/0x0000019aba08f520::accept@12
                      ; - java.lang.Iterable::forEach@30 (line 75)
  0x0000019aaa2fbf2c: 502b 8dff 

  0x0000019aaa2fbf30: ;   {other}
  0x0000019aaa2fbf30: 0f1f 8400 | 2003 0002 | 488b 5424 | 1090 c5f8 | 7748 b850 | 7105 ff9a 

  0x0000019aaa2fbf48: ;   {virtual_call}
  0x0000019aaa2fbf48: 0100 00e8 

  0x0000019aaa2fbf4c: ; ImmutableOopMap {[0]=Oop [8]=Oop [16]=Oop [32]=Oop }
                      ;*invokeinterface hasNext {reexecute=0 rethrow=0 return_oop=0}
                      ; - java.lang.Iterable::forEach@13 (line 74)
  0x0000019aaa2fbf4c: d062 9bff 

  0x0000019aaa2fbf50: ;   {other}
  0x0000019aaa2fbf50: 0f1f 8400 | 4003 0003 | 85c0 0f84 | fa02 0000 | 448b 5424 

  0x0000019aaa2fbf64: ;   {metadata('java/util/ImmutableCollections$SetN$SetNIterator')}
  0x0000019aaa2fbf64: 1c41 81fa | 906b 1900 | 0f85 0103 | 0000 4c8b | 4424 1041 | 8b48 0c85 | c90f 8edd | 0300 0041 
  0x0000019aaa2fbf84: 8b58 1045 | 8b58 1443 | 8b6c dc10 

  0x0000019aaa2fbf90: ; implicit exception: dispatches to 0x0000019aaa2fc530
  0x0000019aaa2fbf90: 458b 5cec | 0c4d 8d14 | ecff cb85 | db0f 8cff | 0200 0041 | 3bdb 0f83 | 5903 0000 | 458b 4c9a 
  0x0000019aaa2fbfb0: 1049 8bbf 

  0x0000019aaa2fbfb4: ; ImmutableOopMap {r10=Oop r8=Oop r9=NarrowOop rbp=NarrowOop [0]=Oop [8]=Oop [16]=Oop }
                      ;*ifnull {reexecute=1 rethrow=0 return_oop=0}
                      ; - (reexecute) java.util.ImmutableCollections$SetN$SetNIterator::next@62 (line 983)
                      ; - java.lang.Iterable::forEach@22 (line 74)
  0x0000019aaa2fbfb4: 5804 0000 

  0x0000019aaa2fbfb8: ;   {poll}
  0x0000019aaa2fbfb8: 8507 4585 | c974 da41 | 8958 10ff | c941 8948 | 0c4f 8d14 | cc4c 8954 | 2420 448b 

  0x0000019aaa2fbfd4: ;   {metadata('cpw/mods/cl/ModuleClassLoader$$Lambda+0x0000019aba08f520')}
  0x0000019aaa2fbfd4: 5c24 1841 | 81fb 20f5 | 0801 0f85 | c702 0000 | 4c8b 4c24 | 0845 8b71 | 0c41 8b41 | 1048 8b4c 
  0x0000019aaa2fbff4: 2420 448b 

  0x0000019aaa2fbff8: ;   {metadata('java/lang/String')}
  0x0000019aaa2fbff8: 5108 4181 | fad8 e800 | 000f 8509 | 0400 0048 | 8b74 2420 

  0x0000019aaa2fc00c: ; implicit exception: dispatches to 0x0000019aaa2fc480
  0x0000019aaa2fc00c: 438b 6cf4 | 5c45 8b54 

  0x0000019aaa2fc014: ;   {metadata('java/util/HashMap')}
  0x0000019aaa2fc014: ec08 4181 | fa88 d508 | 000f 8505 | 0300 0044 | 8b56 0c4d | 8d2c ec45 | 85d2 740f | 458b c241 
  0x0000019aaa2fc034: c1e8 1045 | 33c2 e9b6 | feff ff44 | 0fb6 5e11 | 4585 db0f | 858c 0200 | 0044 0fbe | 5e10 4585 
  0x0000019aaa2fc054: db0f 8531 | 0300 008b | 6e14 418b | 54ec 0c4d | 8d14 ec49 | 8d7c ec10 | 83fa 020f | 8c6c 0200 
  0x0000019aaa2fc074: 0033 db83 | fa20 0f8c | 7501 0000 | 4533 d2c5 | d5ef edc5 | cdef f6c5 | c5ef ffc4 | 413d efc0 
  0x0000019aaa2fc094: ;   {external_word}
  0x0000019aaa2fc094: 49bb 2026 | cdcb fe7f | 0000 458b | 03c4 c179 | 6ec0 c4e2 | 7d58 c044 | 8bda 4183 | e3e0 410f 
  0x0000019aaa2fc0b4: afd8 c421 | 7a7e 0c17 | c421 7a7e | 5417 08c4 | 217a 7e5c | 1710 c421 | 7a7e 6417 | 18c4 e255 
  0x0000019aaa2fc0d4: 40e8 c442 | 7d31 c9c4 | c155 fee9 | c4e2 4d40 | f0c4 427d | 31d2 c4c1 | 4dfe f2c4 | e245 40f8 
  0x0000019aaa2fc0f4: c442 7d31 | dbc4 c145 | fefb c462 | 3d40 c0c4 | 427d 31e4 | c441 3dfe | c441 83c2 | 2045 3bd3 
  0x0000019aaa2fc114: 7c9c 4a8d | 3c1f 412b 

  0x0000019aaa2fc11c: ;   {external_word}
  0x0000019aaa2fc11c: d349 bb24 | 26cd cbfe | 7f00 00c4 | c17e 6f0b | c4e2 5540 

  0x0000019aaa2fc130: ;   {external_word}
  0x0000019aaa2fc130: e949 bb44 | 26cd cbfe | 7f00 00c4 | c17e 6f13 | c4e2 4d40 

  0x0000019aaa2fc144: ;   {external_word}
  0x0000019aaa2fc144: f249 bb64 | 26cd cbfe | 7f00 00c4 | c17e 6f1b | c4e2 4540 

  0x0000019aaa2fc158: ;   {external_word}
  0x0000019aaa2fc158: fb49 bb84 | 26cd cbfe | 7f00 00c4 | c17e 6f23 | c462 3d40 | c4c4 6255 | 02cd c443 | 7d39 ca01 
  0x0000019aaa2fc178: c441 31fe | cac4 4231 | 02c9 c579 | 6ed3 c441 | 31fe cac5 | 797e cbc4 | 624d 02de | c443 7d39 
  0x0000019aaa2fc198: dc01 c441 | 21fe dcc4 | 4221 02db | c579 6ee3 | c441 21fe | dcc5 797e | dbc4 6245 | 02cf c443 
  0x0000019aaa2fc1b8: 7d39 ca01 | c441 31fe | cac4 4231 | 02c9 c579 | 6ed3 c441 | 31fe cac5 | 797e cbc4 | 423d 02d8 
  0x0000019aaa2fc1d8: c443 7d39 | dc01 c441 | 21fe dcc4 | 4221 02db | c579 6ee3 | c441 21fe | dcc5 797e | db41 ba01 
  0x0000019aaa2fc1f8: 0000 0044 | 3bd2 0f8d | 2e00 0000 | 41b8 c103 | 0000 410f | afd8 460f | b65c 17ff | 458b c341 
  0x0000019aaa2fc218: c1e0 0545 | 2bc3 4103 | d846 0fb6 | 0417 4103 | d841 83c2 | 0244 3bd2 | 7cd2 7f12 | 448b dbc1 
  0x0000019aaa2fc238: e305 412b | db46 0fb6 | 4417 ff41 | 03d8 85db | 0f85 9afc | ffff c646 | 1101 4533 | c0e9 9bfc 
  0x0000019aaa2fc258: ;   {no_reloc}
  0x0000019aaa2fc258: ffff c5f8 | 7748 81c4 | 8000 0000 

  0x0000019aaa2fc264: ;   {poll_return}
  0x0000019aaa2fc264: 5d49 3ba7 | 5004 0000 | 0f87 7e03 | 0000 c348 | 8b54 2410 | 488b 2c24 | 6690 c5f8 | 7748 b870 
  0x0000019aaa2fc284: 7205 ff9a 

  0x0000019aaa2fc288: ;   {virtual_call}
  0x0000019aaa2fc288: 0100 00e8 

  0x0000019aaa2fc28c: ; ImmutableOopMap {rbp=Oop [0]=Oop [8]=Oop [16]=Oop }
                      ;*invokeinterface next {reexecute=0 rethrow=0 return_oop=1}
                      ; - java.lang.Iterable::forEach@22 (line 74)
  0x0000019aaa2fc28c: 6061 9bff 

  0x0000019aaa2fc290: ;   {other}
  0x0000019aaa2fc290: 0f1f 8400 | 8006 0005 | 4889 4424 | 20e9 30fd | ffff 418d | 5bff e9f8 | fcff ff48 | 8b54 2408 
  0x0000019aaa2fc2b0: 4c8b 4424 | 2048 8b2c | 2490 c5f8 | 7748 b810 | 7b05 ff9a 

  0x0000019aaa2fc2c4: ;   {virtual_call}
  0x0000019aaa2fc2c4: 0100 00e8 

  0x0000019aaa2fc2c8: ; ImmutableOopMap {rbp=Oop [0]=Oop [8]=Oop [16]=Oop [32]=Oop }
                      ;*invokeinterface accept {reexecute=0 rethrow=0 return_oop=0}
                      ; - java.lang.Iterable::forEach@30 (line 75)
  0x0000019aaa2fc2c8: 445e 9bff 

  0x0000019aaa2fc2cc: ;   {other}
  0x0000019aaa2fc2cc: 0f1f 8400 | bc06 0006 | e95f fcff | ff45 33c0 | e914 fcff | ff83 fa01 | 0f85 64ff | ffff 85d2 
  0x0000019aaa2fc2ec: 0f86 e200 | 0000 0fb6 | 1f85 db0f | 8451 ffff | ff44 8bc3 | e9ed fbff | ffba e4ff | ffff 4c89 
  0x0000019aaa2fc30c: 4424 1844 | 895c 2424 | 895c 2428 

  0x0000019aaa2fc318: ;   {runtime_call UncommonTrapBlob}
  0x0000019aaa2fc318: c5f8 77e8 

  0x0000019aaa2fc31c: ; ImmutableOopMap {rbp=NarrowOop [0]=Oop [8]=Oop [24]=Oop }
                      ;*aaload {reexecute=0 rethrow=0 return_oop=0}
                      ; - java.util.ImmutableCollections$SetN$SetNIterator::next@59 (line 983)
                      ; - java.lang.Iterable::forEach@22 (line 74)
  0x0000019aaa2fc31c: e082 8dff 

  0x0000019aaa2fc320: ;   {other}
  0x0000019aaa2fc320: 0f1f 8400 | 1007 0007 | bade ffff | ff48 ff74 | 2420 488f | 4424 184c | 894c 2420 | 4489 7424 
  0x0000019aaa2fc340: 3048 8974 | 2438 4889 | 7424 4089 | 4424 4890 

  0x0000019aaa2fc350: ;   {runtime_call UncommonTrapBlob}
  0x0000019aaa2fc350: c5f8 77e8 

  0x0000019aaa2fc354: ; ImmutableOopMap {rbp=NarrowOop [0]=Oop [16]=Oop [24]=Oop [32]=Oop [48]=NarrowOop [56]=Oop [64]=Oop [72]=NarrowOop }
                      ;*invokeinterface put {reexecute=0 rethrow=0 return_oop=0}
                      ; - cpw.mods.cl.ModuleClassLoader::lambda$new$6@6 (line 66)
                      ; - cpw.mods.cl.ModuleClassLoader$$Lambda/0x0000019aba08f520::accept@12
                      ; - java.lang.Iterable::forEach@30 (line 75)
  0x0000019aaa2fc354: a882 8dff 

  0x0000019aaa2fc358: ;   {other}
  0x0000019aaa2fc358: 0f1f 8400 | 4807 0008 | ba45 ffff | ff48 8b2c | 2448 ff74 | 2408 488f | 0424 4c89 | 4424 1089 
  0x0000019aaa2fc378: 4c24 1890 

  0x0000019aaa2fc37c: ;   {runtime_call UncommonTrapBlob}
  0x0000019aaa2fc37c: c5f8 77e8 

  0x0000019aaa2fc380: ; ImmutableOopMap {rbp=Oop [0]=Oop [16]=Oop }
                      ;*ifle {reexecute=1 rethrow=0 return_oop=0}
                      ; - (reexecute) java.util.ImmutableCollections$SetN$SetNIterator::next@4 (line 968)
                      ; - java.lang.Iterable::forEach@22 (line 74)
  0x0000019aaa2fc380: 7c82 8dff 

  0x0000019aaa2fc384: ;   {other}
  0x0000019aaa2fc384: 0f1f 8400 | 7407 0009 | 33ed 4585 | db40 0f94 | c5ba 45ff | ffff 48ff | 7424 2048 | 8f44 2418 
  0x0000019aaa2fc3a4: 4c89 4c24 | 2044 8974 | 2430 4889 | 7424 3848 | 8974 2448 | 8944 2450 | 4c89 6c24 | 5866 6690 
  0x0000019aaa2fc3c4: ;   {runtime_call UncommonTrapBlob}
  0x0000019aaa2fc3c4: c5f8 77e8 

  0x0000019aaa2fc3c8: ; ImmutableOopMap {[0]=Oop [16]=Oop [24]=Oop [32]=Oop [48]=NarrowOop [56]=Oop [72]=Oop [80]=NarrowOop [88]=Oop }
                      ;*ifeq {reexecute=1 rethrow=0 return_oop=0}
                      ; - (reexecute) java.lang.String::hashCode@20 (line 2369)
                      ; - java.util.HashMap::hash@9 (line 338)
                      ; - java.util.HashMap::put@2 (line 618)
                      ; - cpw.mods.cl.ModuleClassLoader::lambda$new$6@6 (line 66)
                      ; - cpw.mods.cl.ModuleClassLoader$$Lambda/0x0000019aba08f520::accept@12
                      ; - java.lang.Iterable::forEach@30 (line 75)
  0x0000019aaa2fc3c8: 3482 8dff 

  0x0000019aaa2fc3cc: ;   {other}
  0x0000019aaa2fc3cc: 0f1f 8400 | bc07 000a | bae4 ffff | ff48 ff74 | 2420 488f | 4424 184c | 894c 2420 | 4489 7424 
  0x0000019aaa2fc3ec: 3048 8974 | 2438 4889 | 7424 4889 | 4424 504c | 896c 2458 

  0x0000019aaa2fc400: ;   {runtime_call UncommonTrapBlob}
  0x0000019aaa2fc400: c5f8 77e8 

  0x0000019aaa2fc404: ; ImmutableOopMap {rbp=NarrowOop [0]=Oop [16]=Oop [24]=Oop [32]=Oop [48]=NarrowOop [56]=Oop [72]=Oop [80]=NarrowOop [88]=Oop }
                      ;*baload {reexecute=0 rethrow=0 return_oop=0}
                      ; - java.lang.StringLatin1::hashCode@34 (line 190)
                      ; - java.lang.String::hashCode@27 (line 2369)
                      ; - java.util.HashMap::hash@9 (line 338)
                      ; - java.util.HashMap::put@2 (line 618)
                      ; - cpw.mods.cl.ModuleClassLoader::lambda$new$6@6 (line 66)
                      ; - cpw.mods.cl.ModuleClassLoader$$Lambda/0x0000019aba08f520::accept@12
                      ; - java.lang.Iterable::forEach@30 (line 75)
  0x0000019aaa2fc404: f881 8dff 

  0x0000019aaa2fc408: ;   {other}
  0x0000019aaa2fc408: 0f1f 8400 | f807 000b | bade ffff | ff48 8b2c | 2448 ff74 | 2410 488f | 4424 084c | 894c 2418 
  0x0000019aaa2fc428: 4489 7424 | 2889 4424 | 2c66 6690 

  0x0000019aaa2fc434: ;   {runtime_call UncommonTrapBlob}
  0x0000019aaa2fc434: c5f8 77e8 

  0x0000019aaa2fc438: ; ImmutableOopMap {rbp=Oop [8]=Oop [24]=Oop [32]=Oop [40]=NarrowOop [44]=NarrowOop }
                      ;*checkcast {reexecute=0 rethrow=0 return_oop=0}
                      ; - cpw.mods.cl.ModuleClassLoader$$Lambda/0x0000019aba08f520::accept@9
                      ; - java.lang.Iterable::forEach@30 (line 75)
  0x0000019aaa2fc438: c481 8dff 

  0x0000019aaa2fc43c: ;   {other}
  0x0000019aaa2fc43c: 0f1f 8400 | 2c08 000c | baf4 ffff | ff48 8b2c | 2448 ff74 | 2410 488f | 4424 0848 | ff74 2420 
  0x0000019aaa2fc45c: 488f 4424 | 104c 894c | 2418 4489 | 7424 2089 | 4424 2490 

  0x0000019aaa2fc470: ;   {runtime_call UncommonTrapBlob}
  0x0000019aaa2fc470: c5f8 77e8 

  0x0000019aaa2fc474: ; ImmutableOopMap {rbp=Oop [8]=Oop [16]=Oop [24]=Oop [32]=NarrowOop [36]=NarrowOop }
                      ;*checkcast {reexecute=0 rethrow=0 return_oop=0}
                      ; - cpw.mods.cl.ModuleClassLoader$$Lambda/0x0000019aba08f520::accept@9
                      ; - java.lang.Iterable::forEach@30 (line 75)
  0x0000019aaa2fc474: 8881 8dff 

  0x0000019aaa2fc478: ;   {other}
  0x0000019aaa2fc478: 0f1f 8400 | 6808 000d | baf6 ffff | ff48 8b2c | 2448 ff74 | 2410 488f | 4424 0848 | ff74 2420 
  0x0000019aaa2fc498: 488f 4424 | 104c 894c | 2418 8944 | 2428 4889 | 7424 3090 

  0x0000019aaa2fc4ac: ;   {runtime_call UncommonTrapBlob}
  0x0000019aaa2fc4ac: c5f8 77e8 

  0x0000019aaa2fc4b0: ; ImmutableOopMap {rbp=Oop [8]=Oop [16]=Oop [24]=Oop [40]=NarrowOop [48]=Oop }
                      ;*invokevirtual lambda$new$6 {reexecute=0 rethrow=0 return_oop=0}
                      ; - cpw.mods.cl.ModuleClassLoader$$Lambda/0x0000019aba08f520::accept@12
                      ; - java.lang.Iterable::forEach@30 (line 75)
  0x0000019aaa2fc4b0: 4c81 8dff 

  0x0000019aaa2fc4b4: ;   {other}
  0x0000019aaa2fc4b4: 0f1f 8400 | a408 000e | baf6 ffff | ff48 8b2c | 2448 ff74 | 2410 488f | 4424 0848 | ff74 2420 
  0x0000019aaa2fc4d4: 488f 4424 | 104c 894c | 2418 4489 | 7424 2848 | 8974 2430 | 4889 7424 | 3889 4424 | 4066 6690 
  0x0000019aaa2fc4f4: ;   {runtime_call UncommonTrapBlob}
  0x0000019aaa2fc4f4: c5f8 77e8 

  0x0000019aaa2fc4f8: ; ImmutableOopMap {rbp=Oop [8]=Oop [16]=Oop [24]=Oop [40]=NarrowOop [48]=Oop [56]=Oop [64]=NarrowOop }
                      ;*invokeinterface put {reexecute=0 rethrow=0 return_oop=0}
                      ; - cpw.mods.cl.ModuleClassLoader::lambda$new$6@6 (line 66)
                      ; - cpw.mods.cl.ModuleClassLoader$$Lambda/0x0000019aba08f520::accept@12
                      ; - java.lang.Iterable::forEach@30 (line 75)
  0x0000019aaa2fc4f8: 0481 8dff 

  0x0000019aaa2fc4fc: ;   {other}
  0x0000019aaa2fc4fc: 0f1f 8400 | ec08 000f | baf6 ffff | ff48 8b2c | 2448 ff74 | 2408 488f | 0424 4c89 | 4424 1089 
  0x0000019aaa2fc51c: 5c24 1890 

  0x0000019aaa2fc520: ;   {runtime_call UncommonTrapBlob}
  0x0000019aaa2fc520: c5f8 77e8 

  0x0000019aaa2fc524: ; ImmutableOopMap {rbp=Oop [0]=Oop [16]=Oop }
                      ;*getfield elements {reexecute=1 rethrow=0 return_oop=0}
                      ; - (reexecute) java.util.ImmutableCollections$SetN$SetNIterator::next@16 (line 971)
                      ; - java.lang.Iterable::forEach@22 (line 74)
  0x0000019aaa2fc524: d880 8dff 

  0x0000019aaa2fc528: ;   {other}
  0x0000019aaa2fc528: 0f1f 8400 | 1809 0010 | baf6 ffff | ff48 8b2c | 2448 ff74 | 2408 488f | 0424 4c89 | 4424 1089 
  0x0000019aaa2fc548: 5c24 1890 

  0x0000019aaa2fc54c: ;   {runtime_call UncommonTrapBlob}
  0x0000019aaa2fc54c: c5f8 77e8 

  0x0000019aaa2fc550: ; ImmutableOopMap {rbp=Oop [0]=Oop [16]=Oop }
                      ;*arraylength {reexecute=0 rethrow=0 return_oop=0}
                      ; - java.util.ImmutableCollections$SetN$SetNIterator::next@19 (line 971)
                      ; - java.lang.Iterable::forEach@22 (line 74)
  0x0000019aaa2fc550: ac80 8dff 

  0x0000019aaa2fc554: ;   {other}
  0x0000019aaa2fc554: 0f1f 8400 | 4409 0011 | baf6 ffff | ff48 8b2c | 2448 ff74 | 2410 488f | 4424 0848 | ff74 2420 
  0x0000019aaa2fc574: 488f 4424 | 104c 894c | 2418 4489 | 7424 2848 | 8974 2430 | 4889 7424 | 4089 4424 | 484c 896c 
  0x0000019aaa2fc594: 2450 6690 

  0x0000019aaa2fc598: ;   {runtime_call UncommonTrapBlob}
  0x0000019aaa2fc598: c5f8 77e8 

  0x0000019aaa2fc59c: ; ImmutableOopMap {rbp=Oop [8]=Oop [16]=Oop [24]=Oop [40]=NarrowOop [48]=Oop [64]=Oop [72]=NarrowOop [80]=Oop }
                      ;*arraylength {reexecute=0 rethrow=0 return_oop=0}
                      ; - java.lang.StringLatin1::hashCode@1 (line 188)
                      ; - java.lang.String::hashCode@27 (line 2369)
                      ; - java.util.HashMap::hash@9 (line 338)
                      ; - java.util.HashMap::put@2 (line 618)
                      ; - cpw.mods.cl.ModuleClassLoader::lambda$new$6@6 (line 66)
                      ; - cpw.mods.cl.ModuleClassLoader$$Lambda/0x0000019aba08f520::accept@12
                      ; - java.lang.Iterable::forEach@30 (line 75)
  0x0000019aaa2fc59c: 6080 8dff 

  0x0000019aaa2fc5a0: ;   {other}
  0x0000019aaa2fc5a0: 0f1f 8400 | 9009 0012 | 488b d0eb | 1748 8bd0 | eb12 488b | d0eb 0d48 | 8bd0 eb08 | 488b d0eb 
  0x0000019aaa2fc5c0: 0348 8bd0 | c5f8 7748 | 81c4 8000 

  0x0000019aaa2fc5cc: ;   {runtime_call _rethrow_Java}
  0x0000019aaa2fc5cc: 0000 5de9 | 2ccf 91ff | ba45 ffff | ff48 8b2c | 2466 6690 

  0x0000019aaa2fc5e0: ;   {runtime_call UncommonTrapBlob}
  0x0000019aaa2fc5e0: c5f8 77e8 

  0x0000019aaa2fc5e4: ; ImmutableOopMap {rbp=Oop [8]=Oop }
                      ;*ifnonnull {reexecute=1 rethrow=0 return_oop=0}
                      ; - (reexecute) java.util.Objects::requireNonNull@1 (line 232)
                      ; - java.lang.Iterable::forEach@1 (line 73)
  0x0000019aaa2fc5e4: 1880 8dff 

  0x0000019aaa2fc5e8: ;   {other}
  0x0000019aaa2fc5e8: 0f1f 8400 | d809 0013 

  0x0000019aaa2fc5f0: ;   {internal_word}
  0x0000019aaa2fc5f0: 49ba 65c2 | 2faa 9a01 | 0000 4d89 | 9768 0400 

  0x0000019aaa2fc600: ;   {runtime_call SafepointBlob}
  0x0000019aaa2fc600: 00e9 fa90 

  0x0000019aaa2fc604: ;   {runtime_call StubRoutines (final stubs)}
  0x0000019aaa2fc604: 8dff e855 | 878b ffe9 | 6ef8 ffff 
[Stub Code]
  0x0000019aaa2fc610: ;   {no_reloc}
  0x0000019aaa2fc610: 48bb 0000 | 0000 0000 

  0x0000019aaa2fc618: ;   {runtime_call}
  0x0000019aaa2fc618: 0000 e9fb 

  0x0000019aaa2fc61c: ;   {runtime_call ExceptionBlob}
  0x0000019aaa2fc61c: ffff ffe9 | dc71 91ff 
[Deopt Handler Code]
  0x0000019aaa2fc624: e800 0000 | 0048 832c 

  0x0000019aaa2fc62c: ;   {runtime_call DeoptimizationBlob}
  0x0000019aaa2fc62c: 2405 e96d | 838d fff4 | f4f4 f4f4 
[/MachCode]


---------------  P R O C E S S  ---------------

Threads class SMR info:
_java_thread_list=0x0000019afeab8c70, length=16, elements={
0x0000019a98726580, 0x0000019ab8836400, 0x0000019ab8837f80, 0x0000019ab8839700,
0x0000019ab883a160, 0x0000019ab883abc0, 0x0000019ab883b620, 0x0000019ab883e3c0,
0x0000019ab89f2250, 0x0000019ab8a7fdd0, 0x0000019ab8c9aa40, 0x0000019ab8c79030,
0x0000019ab8d62f60, 0x0000019ab8cc53f0, 0x0000019ab8cf3510, 0x0000019a80aac4d0
}

Java Threads: ( => current thread )
=>0x0000019a98726580 JavaThread "main"                              [_thread_in_native, id=18136, stack(0x0000002ee3a00000,0x0000002ee3b00000) (1024K)]
  0x0000019ab8836400 JavaThread "Reference Handler"          daemon [_thread_blocked, id=17896, stack(0x0000002ee4200000,0x0000002ee4300000) (1024K)]
  0x0000019ab8837f80 JavaThread "Finalizer"                  daemon [_thread_blocked, id=4436, stack(0x0000002ee4300000,0x0000002ee4400000) (1024K)]
  0x0000019ab8839700 JavaThread "Signal Dispatcher"          daemon [_thread_blocked, id=19104, stack(0x0000002ee4400000,0x0000002ee4500000) (1024K)]
  0x0000019ab883a160 JavaThread "Attach Listener"            daemon [_thread_blocked, id=7152, stack(0x0000002ee4500000,0x0000002ee4600000) (1024K)]
  0x0000019ab883abc0 JavaThread "Service Thread"             daemon [_thread_blocked, id=6976, stack(0x0000002ee4600000,0x0000002ee4700000) (1024K)]
  0x0000019ab883b620 JavaThread "Monitor Deflation Thread"   daemon [_thread_blocked, id=13852, stack(0x0000002ee4700000,0x0000002ee4800000) (1024K)]
  0x0000019ab883e3c0 JavaThread "C2 CompilerThread0"         daemon [_thread_blocked, id=25204, stack(0x0000002ee4800000,0x0000002ee4900000) (1024K)]
  0x0000019ab89f2250 JavaThread "C1 CompilerThread0"         daemon [_thread_blocked, id=21572, stack(0x0000002ee4900000,0x0000002ee4a00000) (1024K)]
  0x0000019ab8a7fdd0 JavaThread "Common-Cleaner"             daemon [_thread_blocked, id=24548, stack(0x0000002ee4a00000,0x0000002ee4b00000) (1024K)]
  0x0000019ab8c9aa40 JavaThread "JDWP Transport Listener: dt_socket" daemon [_thread_blocked, id=12432, stack(0x0000002ee4b00000,0x0000002ee4c00000) (1024K)]
  0x0000019ab8c79030 JavaThread "JDWP Event Helper Thread"   daemon [_thread_blocked, id=24336, stack(0x0000002ee4c00000,0x0000002ee4d00000) (1024K)]
  0x0000019ab8d62f60 JavaThread "JDWP Command Reader"        daemon [_thread_in_native, id=16524, stack(0x0000002ee4d00000,0x0000002ee4e00000) (1024K)]
  0x0000019ab8cc53f0 JavaThread "IntelliJ Suspend Helper"    daemon [_thread_blocked, id=19608, stack(0x0000002ee4e00000,0x0000002ee4f00000) (1024K)]
  0x0000019ab8cf3510 JavaThread "Notification Thread"        daemon [_thread_blocked, id=12872, stack(0x0000002ee4f00000,0x0000002ee5000000) (1024K)]
  0x0000019a80aac4d0 JavaThread "C2 CompilerThread1"         daemon [_thread_blocked, id=17952, stack(0x0000002ee5000000,0x0000002ee5100000) (1024K)]
Total: 16

Other Threads:
  0x0000019ab8819350 VMThread "VM Thread"                           [id=5948, stack(0x0000002ee4100000,0x0000002ee4200000) (1024K)]
  0x0000019ab8801f30 WatcherThread "VM Periodic Task Thread"        [id=20336, stack(0x0000002ee4000000,0x0000002ee4100000) (1024K)]
  0x0000019a98c46b60 WorkerThread "GC Thread#0"                     [id=15040, stack(0x0000002ee3b00000,0x0000002ee3c00000) (1024K)]
  0x0000019afe25c380 WorkerThread "GC Thread#1"                     [id=22008, stack(0x0000002ee5100000,0x0000002ee5200000) (1024K)]
  0x0000019afe1cda40 WorkerThread "GC Thread#2"                     [id=26548, stack(0x0000002ee5200000,0x0000002ee5300000) (1024K)]
  0x0000019afe156230 WorkerThread "GC Thread#3"                     [id=21616, stack(0x0000002ee5300000,0x0000002ee5400000) (1024K)]
  0x0000019a98c556c0 ConcurrentGCThread "G1 Main Marker"            [id=14476, stack(0x0000002ee3c00000,0x0000002ee3d00000) (1024K)]
  0x0000019a98c55fd0 WorkerThread "G1 Conc#0"                       [id=15484, stack(0x0000002ee3d00000,0x0000002ee3e00000) (1024K)]
  0x0000019ab86ce520 ConcurrentGCThread "G1 Refine#0"               [id=23900, stack(0x0000002ee3e00000,0x0000002ee3f00000) (1024K)]
  0x0000019ab86d08c0 ConcurrentGCThread "G1 Service"                [id=13808, stack(0x0000002ee3f00000,0x0000002ee4000000) (1024K)]
Total: 10

Threads with active compile tasks:
Total: 0

VM state: not at safepoint (normal execution)

VM Mutex/Monitor currently owned by a thread: None

Heap address: 0x0000000721200000, size: 3566 MB, Compressed Oops mode: Zero based, Oop shift amount: 3

CDS archive(s) mapped at: [0x0000019ab9000000-0x0000019ab9c90000-0x0000019ab9c90000), size 13172736, SharedBaseAddress: 0x0000019ab9000000, ArchiveRelocationMode: 1.
Compressed class space mapped at: 0x0000019aba000000-0x0000019afa000000, reserved size: 1073741824
Narrow klass base: 0x0000019ab9000000, Narrow klass shift: 0, Narrow klass range: 0x100000000

GC Precious Log:
 CardTable entry size: 512
 Card Set container configuration: InlinePtr #cards 4 size 8 Array Of Cards #cards 16 size 48 Howl #buckets 8 coarsen threshold 3686 Howl Bitmap #cards 512 size 80 coarsen threshold 460 Card regions per heap region 1 cards per card region 4096
 CPUs: 4 total, 4 available
 Memory: 14258M
 Large Page Support: Disabled
 NUMA Support: Disabled
 Compressed Oops: Enabled (Zero based)
 Heap Region Size: 2M
 Heap Min Capacity: 8M
 Heap Initial Capacity: 224M
 Heap Max Capacity: 3566M
 Pre-touch: Disabled
 Parallel Workers: 4
 Concurrent Workers: 1
 Concurrent Refinement Workers: 4
 Periodic GC: Disabled

Heap:
 garbage-first heap   total 229376K, used 160050K [0x0000000721200000, 0x0000000800000000)
  region size 2048K, 67 young (137216K), 6 survivors (12288K)
 Metaspace       used 21085K, committed 21504K, reserved 1114112K
  class space    used 2258K, committed 2432K, reserved 1048576K

Heap Regions: E=young(eden), S=young(survivor), O=old, HS=humongous(starts), HC=humongous(continues), CS=collection set, F=free, TAMS=top-at-mark-start, PB=parsable bottom
|   0|0x0000000721200000, 0x0000000721400000, 0x0000000721400000|100%|HS|  |TAMS 0x0000000721200000| PB 0x0000000721200000| Complete 
|   1|0x0000000721400000, 0x0000000721600000, 0x0000000721600000|100%|HS|  |TAMS 0x0000000721400000| PB 0x0000000721400000| Complete 
|   2|0x0000000721600000, 0x0000000721800000, 0x0000000721800000|100%|HS|  |TAMS 0x0000000721600000| PB 0x0000000721600000| Complete 
|   3|0x0000000721800000, 0x0000000721a00000, 0x0000000721a00000|100%| O|  |TAMS 0x0000000721800000| PB 0x0000000721800000| Untracked 
|   4|0x0000000721a00000, 0x0000000721c00000, 0x0000000721c00000|100%| O|  |TAMS 0x0000000721a00000| PB 0x0000000721a00000| Untracked 
|   5|0x0000000721c00000, 0x0000000721e00000, 0x0000000721e00000|100%| O|  |TAMS 0x0000000721c00000| PB 0x0000000721c00000| Untracked 
|   6|0x0000000721e00000, 0x0000000722000000, 0x0000000722000000|100%|HS|  |TAMS 0x0000000721e00000| PB 0x0000000721e00000| Complete 
|   7|0x0000000722000000, 0x0000000722200000, 0x0000000722200000|100%| O|  |TAMS 0x0000000722000000| PB 0x0000000722000000| Untracked 
|   8|0x0000000722200000, 0x0000000722400000, 0x0000000722400000|100%|HS|  |TAMS 0x0000000722200000| PB 0x0000000722200000| Complete 
|   9|0x0000000722400000, 0x0000000722600000, 0x0000000722600000|100%| O|  |TAMS 0x0000000722400000| PB 0x0000000722400000| Untracked 
|  10|0x0000000722600000, 0x0000000722800000, 0x0000000722800000|100%| O|  |TAMS 0x0000000722600000| PB 0x0000000722600000| Untracked 
|  11|0x0000000722800000, 0x0000000722a00000, 0x0000000722a00000|100%| O|  |TAMS 0x0000000722800000| PB 0x0000000722800000| Untracked 
|  12|0x0000000722a00000, 0x0000000722a4c800, 0x0000000722c00000| 14%| O|  |TAMS 0x0000000722a00000| PB 0x0000000722a00000| Untracked 
|  13|0x0000000722c00000, 0x0000000722c00000, 0x0000000722e00000|  0%| F|  |TAMS 0x0000000722c00000| PB 0x0000000722c00000| Untracked 
|  14|0x0000000722e00000, 0x0000000722e00000, 0x0000000723000000|  0%| F|  |TAMS 0x0000000722e00000| PB 0x0000000722e00000| Untracked 
|  15|0x0000000723000000, 0x0000000723000000, 0x0000000723200000|  0%| F|  |TAMS 0x0000000723000000| PB 0x0000000723000000| Untracked 
|  16|0x0000000723200000, 0x0000000723200000, 0x0000000723400000|  0%| F|  |TAMS 0x0000000723200000| PB 0x0000000723200000| Untracked 
|  17|0x0000000723400000, 0x0000000723400000, 0x0000000723600000|  0%| F|  |TAMS 0x0000000723400000| PB 0x0000000723400000| Untracked 
|  18|0x0000000723600000, 0x0000000723600000, 0x0000000723800000|  0%| F|  |TAMS 0x0000000723600000| PB 0x0000000723600000| Untracked 
|  19|0x0000000723800000, 0x0000000723800000, 0x0000000723a00000|  0%| F|  |TAMS 0x0000000723800000| PB 0x0000000723800000| Untracked 
|  20|0x0000000723a00000, 0x0000000723a00000, 0x0000000723c00000|  0%| F|  |TAMS 0x0000000723a00000| PB 0x0000000723a00000| Untracked 
|  21|0x0000000723c00000, 0x0000000723c00000, 0x0000000723e00000|  0%| F|  |TAMS 0x0000000723c00000| PB 0x0000000723c00000| Untracked 
|  22|0x0000000723e00000, 0x0000000723e00000, 0x0000000724000000|  0%| F|  |TAMS 0x0000000723e00000| PB 0x0000000723e00000| Untracked 
|  23|0x0000000724000000, 0x0000000724000000, 0x0000000724200000|  0%| F|  |TAMS 0x0000000724000000| PB 0x0000000724000000| Untracked 
|  24|0x0000000724200000, 0x0000000724200000, 0x0000000724400000|  0%| F|  |TAMS 0x0000000724200000| PB 0x0000000724200000| Untracked 
|  25|0x0000000724400000, 0x0000000724400000, 0x0000000724600000|  0%| F|  |TAMS 0x0000000724400000| PB 0x0000000724400000| Untracked 
|  26|0x0000000724600000, 0x0000000724600000, 0x0000000724800000|  0%| F|  |TAMS 0x0000000724600000| PB 0x0000000724600000| Untracked 
|  27|0x0000000724800000, 0x0000000724800000, 0x0000000724a00000|  0%| F|  |TAMS 0x0000000724800000| PB 0x0000000724800000| Untracked 
|  28|0x0000000724a00000, 0x0000000724a00000, 0x0000000724c00000|  0%| F|  |TAMS 0x0000000724a00000| PB 0x0000000724a00000| Untracked 
|  29|0x0000000724c00000, 0x0000000724c00000, 0x0000000724e00000|  0%| F|  |TAMS 0x0000000724c00000| PB 0x0000000724c00000| Untracked 
|  30|0x0000000724e00000, 0x0000000724e00000, 0x0000000725000000|  0%| F|  |TAMS 0x0000000724e00000| PB 0x0000000724e00000| Untracked 
|  31|0x0000000725000000, 0x0000000725000000, 0x0000000725200000|  0%| F|  |TAMS 0x0000000725000000| PB 0x0000000725000000| Untracked 
|  32|0x0000000725200000, 0x0000000725200000, 0x0000000725400000|  0%| F|  |TAMS 0x0000000725200000| PB 0x0000000725200000| Untracked 
|  33|0x0000000725400000, 0x0000000725400000, 0x0000000725600000|  0%| F|  |TAMS 0x0000000725400000| PB 0x0000000725400000| Untracked 
|  34|0x0000000725600000, 0x0000000725600000, 0x0000000725800000|  0%| F|  |TAMS 0x0000000725600000| PB 0x0000000725600000| Untracked 
|  35|0x0000000725800000, 0x0000000725800000, 0x0000000725a00000|  0%| F|  |TAMS 0x0000000725800000| PB 0x0000000725800000| Untracked 
|  36|0x0000000725a00000, 0x0000000725a00000, 0x0000000725c00000|  0%| F|  |TAMS 0x0000000725a00000| PB 0x0000000725a00000| Untracked 
|  37|0x0000000725c00000, 0x0000000725c00000, 0x0000000725e00000|  0%| F|  |TAMS 0x0000000725c00000| PB 0x0000000725c00000| Untracked 
|  38|0x0000000725e00000, 0x0000000725e00000, 0x0000000726000000|  0%| F|  |TAMS 0x0000000725e00000| PB 0x0000000725e00000| Untracked 
|  39|0x0000000726000000, 0x0000000726000000, 0x0000000726200000|  0%| F|  |TAMS 0x0000000726000000| PB 0x0000000726000000| Untracked 
|  40|0x0000000726200000, 0x0000000726200000, 0x0000000726400000|  0%| F|  |TAMS 0x0000000726200000| PB 0x0000000726200000| Untracked 
|  41|0x0000000726400000, 0x0000000726400000, 0x0000000726600000|  0%| F|  |TAMS 0x0000000726400000| PB 0x0000000726400000| Untracked 
|  42|0x0000000726600000, 0x0000000726600000, 0x0000000726800000|  0%| F|  |TAMS 0x0000000726600000| PB 0x0000000726600000| Untracked 
|  43|0x0000000726800000, 0x0000000726800000, 0x0000000726a00000|  0%| F|  |TAMS 0x0000000726800000| PB 0x0000000726800000| Untracked 
|  44|0x0000000726a00000, 0x0000000726a00000, 0x0000000726c00000|  0%| F|  |TAMS 0x0000000726a00000| PB 0x0000000726a00000| Untracked 
|  45|0x0000000726c00000, 0x0000000726e00000, 0x0000000726e00000|100%| E|  |TAMS 0x0000000726c00000| PB 0x0000000726c00000| Complete 
|  46|0x0000000726e00000, 0x0000000727000000, 0x0000000727000000|100%| S|CS|TAMS 0x0000000726e00000| PB 0x0000000726e00000| Complete 
|  47|0x0000000727000000, 0x0000000727200000, 0x0000000727200000|100%| S|CS|TAMS 0x0000000727000000| PB 0x0000000727000000| Complete 
|  48|0x0000000727200000, 0x0000000727400000, 0x0000000727400000|100%| S|CS|TAMS 0x0000000727200000| PB 0x0000000727200000| Complete 
|  49|0x0000000727400000, 0x0000000727600000, 0x0000000727600000|100%| S|CS|TAMS 0x0000000727400000| PB 0x0000000727400000| Complete 
|  50|0x0000000727600000, 0x0000000727800000, 0x0000000727800000|100%| S|CS|TAMS 0x0000000727600000| PB 0x0000000727600000| Complete 
|  51|0x0000000727800000, 0x0000000727a00000, 0x0000000727a00000|100%| S|CS|TAMS 0x0000000727800000| PB 0x0000000727800000| Complete 
|  52|0x0000000727a00000, 0x0000000727c00000, 0x0000000727c00000|100%| E|CS|TAMS 0x0000000727a00000| PB 0x0000000727a00000| Complete 
|  53|0x0000000727c00000, 0x0000000727e00000, 0x0000000727e00000|100%| E|CS|TAMS 0x0000000727c00000| PB 0x0000000727c00000| Complete 
|  54|0x0000000727e00000, 0x0000000728000000, 0x0000000728000000|100%| E|CS|TAMS 0x0000000727e00000| PB 0x0000000727e00000| Complete 
|  55|0x0000000728000000, 0x0000000728200000, 0x0000000728200000|100%| E|CS|TAMS 0x0000000728000000| PB 0x0000000728000000| Complete 
|  56|0x0000000728200000, 0x0000000728400000, 0x0000000728400000|100%| E|CS|TAMS 0x0000000728200000| PB 0x0000000728200000| Complete 
|  57|0x0000000728400000, 0x0000000728600000, 0x0000000728600000|100%| E|CS|TAMS 0x0000000728400000| PB 0x0000000728400000| Complete 
|  58|0x0000000728600000, 0x0000000728800000, 0x0000000728800000|100%| E|CS|TAMS 0x0000000728600000| PB 0x0000000728600000| Complete 
|  59|0x0000000728800000, 0x0000000728a00000, 0x0000000728a00000|100%| E|CS|TAMS 0x0000000728800000| PB 0x0000000728800000| Complete 
|  60|0x0000000728a00000, 0x0000000728c00000, 0x0000000728c00000|100%| E|CS|TAMS 0x0000000728a00000| PB 0x0000000728a00000| Complete 
|  61|0x0000000728c00000, 0x0000000728e00000, 0x0000000728e00000|100%| E|CS|TAMS 0x0000000728c00000| PB 0x0000000728c00000| Complete 
|  62|0x0000000728e00000, 0x0000000729000000, 0x0000000729000000|100%| E|CS|TAMS 0x0000000728e00000| PB 0x0000000728e00000| Complete 
|  63|0x0000000729000000, 0x0000000729200000, 0x0000000729200000|100%| E|CS|TAMS 0x0000000729000000| PB 0x0000000729000000| Complete 
|  64|0x0000000729200000, 0x0000000729400000, 0x0000000729400000|100%| E|CS|TAMS 0x0000000729200000| PB 0x0000000729200000| Complete 
|  65|0x0000000729400000, 0x0000000729600000, 0x0000000729600000|100%| E|CS|TAMS 0x0000000729400000| PB 0x0000000729400000| Complete 
|  66|0x0000000729600000, 0x0000000729800000, 0x0000000729800000|100%| E|CS|TAMS 0x0000000729600000| PB 0x0000000729600000| Complete 
|  67|0x0000000729800000, 0x0000000729a00000, 0x0000000729a00000|100%| E|CS|TAMS 0x0000000729800000| PB 0x0000000729800000| Complete 
|  68|0x0000000729a00000, 0x0000000729c00000, 0x0000000729c00000|100%| E|CS|TAMS 0x0000000729a00000| PB 0x0000000729a00000| Complete 
|  69|0x0000000729c00000, 0x0000000729e00000, 0x0000000729e00000|100%| E|CS|TAMS 0x0000000729c00000| PB 0x0000000729c00000| Complete 
|  70|0x0000000729e00000, 0x000000072a000000, 0x000000072a000000|100%| E|CS|TAMS 0x0000000729e00000| PB 0x0000000729e00000| Complete 
|  71|0x000000072a000000, 0x000000072a200000, 0x000000072a200000|100%| E|CS|TAMS 0x000000072a000000| PB 0x000000072a000000| Complete 
|  72|0x000000072a200000, 0x000000072a400000, 0x000000072a400000|100%| E|CS|TAMS 0x000000072a200000| PB 0x000000072a200000| Complete 
|  73|0x000000072a400000, 0x000000072a600000, 0x000000072a600000|100%| E|CS|TAMS 0x000000072a400000| PB 0x000000072a400000| Complete 
|  74|0x000000072a600000, 0x000000072a800000, 0x000000072a800000|100%| E|CS|TAMS 0x000000072a600000| PB 0x000000072a600000| Complete 
|  75|0x000000072a800000, 0x000000072aa00000, 0x000000072aa00000|100%| E|CS|TAMS 0x000000072a800000| PB 0x000000072a800000| Complete 
|  76|0x000000072aa00000, 0x000000072ac00000, 0x000000072ac00000|100%| E|CS|TAMS 0x000000072aa00000| PB 0x000000072aa00000| Complete 
|  77|0x000000072ac00000, 0x000000072ae00000, 0x000000072ae00000|100%| E|CS|TAMS 0x000000072ac00000| PB 0x000000072ac00000| Complete 
|  78|0x000000072ae00000, 0x000000072b000000, 0x000000072b000000|100%| E|CS|TAMS 0x000000072ae00000| PB 0x000000072ae00000| Complete 
|  79|0x000000072b000000, 0x000000072b200000, 0x000000072b200000|100%| E|CS|TAMS 0x000000072b000000| PB 0x000000072b000000| Complete 
|  80|0x000000072b200000, 0x000000072b400000, 0x000000072b400000|100%| E|CS|TAMS 0x000000072b200000| PB 0x000000072b200000| Complete 
|  81|0x000000072b400000, 0x000000072b600000, 0x000000072b600000|100%| E|CS|TAMS 0x000000072b400000| PB 0x000000072b400000| Complete 
|  82|0x000000072b600000, 0x000000072b800000, 0x000000072b800000|100%| E|CS|TAMS 0x000000072b600000| PB 0x000000072b600000| Complete 
|  83|0x000000072b800000, 0x000000072ba00000, 0x000000072ba00000|100%| E|CS|TAMS 0x000000072b800000| PB 0x000000072b800000| Complete 
|  84|0x000000072ba00000, 0x000000072bc00000, 0x000000072bc00000|100%| E|CS|TAMS 0x000000072ba00000| PB 0x000000072ba00000| Complete 
|  85|0x000000072bc00000, 0x000000072be00000, 0x000000072be00000|100%| E|CS|TAMS 0x000000072bc00000| PB 0x000000072bc00000| Complete 
|  86|0x000000072be00000, 0x000000072c000000, 0x000000072c000000|100%| E|CS|TAMS 0x000000072be00000| PB 0x000000072be00000| Complete 
|  87|0x000000072c000000, 0x000000072c200000, 0x000000072c200000|100%| E|CS|TAMS 0x000000072c000000| PB 0x000000072c000000| Complete 
|  88|0x000000072c200000, 0x000000072c400000, 0x000000072c400000|100%| E|CS|TAMS 0x000000072c200000| PB 0x000000072c200000| Complete 
|  89|0x000000072c400000, 0x000000072c600000, 0x000000072c600000|100%| E|CS|TAMS 0x000000072c400000| PB 0x000000072c400000| Complete 
|  90|0x000000072c600000, 0x000000072c800000, 0x000000072c800000|100%| E|CS|TAMS 0x000000072c600000| PB 0x000000072c600000| Complete 
|  91|0x000000072c800000, 0x000000072ca00000, 0x000000072ca00000|100%| E|CS|TAMS 0x000000072c800000| PB 0x000000072c800000| Complete 
|  92|0x000000072ca00000, 0x000000072cc00000, 0x000000072cc00000|100%| E|CS|TAMS 0x000000072ca00000| PB 0x000000072ca00000| Complete 
|  93|0x000000072cc00000, 0x000000072ce00000, 0x000000072ce00000|100%| E|CS|TAMS 0x000000072cc00000| PB 0x000000072cc00000| Complete 
|  94|0x000000072ce00000, 0x000000072d000000, 0x000000072d000000|100%| E|CS|TAMS 0x000000072ce00000| PB 0x000000072ce00000| Complete 
|  95|0x000000072d000000, 0x000000072d200000, 0x000000072d200000|100%| E|CS|TAMS 0x000000072d000000| PB 0x000000072d000000| Complete 
|  96|0x000000072d200000, 0x000000072d400000, 0x000000072d400000|100%| E|CS|TAMS 0x000000072d200000| PB 0x000000072d200000| Complete 
|  97|0x000000072d400000, 0x000000072d600000, 0x000000072d600000|100%| E|CS|TAMS 0x000000072d400000| PB 0x000000072d400000| Complete 
|  98|0x000000072d600000, 0x000000072d800000, 0x000000072d800000|100%| E|CS|TAMS 0x000000072d600000| PB 0x000000072d600000| Complete 
|  99|0x000000072d800000, 0x000000072da00000, 0x000000072da00000|100%| E|CS|TAMS 0x000000072d800000| PB 0x000000072d800000| Complete 
| 100|0x000000072da00000, 0x000000072dc00000, 0x000000072dc00000|100%| E|CS|TAMS 0x000000072da00000| PB 0x000000072da00000| Complete 
| 101|0x000000072dc00000, 0x000000072de00000, 0x000000072de00000|100%| E|CS|TAMS 0x000000072dc00000| PB 0x000000072dc00000| Complete 
| 102|0x000000072de00000, 0x000000072e000000, 0x000000072e000000|100%| E|CS|TAMS 0x000000072de00000| PB 0x000000072de00000| Complete 
| 103|0x000000072e000000, 0x000000072e200000, 0x000000072e200000|100%| E|CS|TAMS 0x000000072e000000| PB 0x000000072e000000| Complete 
| 104|0x000000072e200000, 0x000000072e400000, 0x000000072e400000|100%| E|CS|TAMS 0x000000072e200000| PB 0x000000072e200000| Complete 
| 105|0x000000072e400000, 0x000000072e600000, 0x000000072e600000|100%| E|CS|TAMS 0x000000072e400000| PB 0x000000072e400000| Complete 
| 106|0x000000072e600000, 0x000000072e800000, 0x000000072e800000|100%| E|CS|TAMS 0x000000072e600000| PB 0x000000072e600000| Complete 
| 107|0x000000072e800000, 0x000000072ea00000, 0x000000072ea00000|100%| E|CS|TAMS 0x000000072e800000| PB 0x000000072e800000| Complete 
| 108|0x000000072ea00000, 0x000000072ec00000, 0x000000072ec00000|100%| E|CS|TAMS 0x000000072ea00000| PB 0x000000072ea00000| Complete 
| 109|0x000000072ec00000, 0x000000072ee00000, 0x000000072ee00000|100%| E|CS|TAMS 0x000000072ec00000| PB 0x000000072ec00000| Complete 
| 110|0x000000072ee00000, 0x000000072f000000, 0x000000072f000000|100%| E|CS|TAMS 0x000000072ee00000| PB 0x000000072ee00000| Complete 
| 111|0x000000072f000000, 0x000000072f200000, 0x000000072f200000|100%| E|CS|TAMS 0x000000072f000000| PB 0x000000072f000000| Complete 

Card table byte_map: [0x0000019ab2370000,0x0000019ab2a70000] _byte_map_base: 0x0000019aaea67000

Marking Bits: (CMBitMap*) 0x0000019a98c46f10
 Bits: [0x0000019ab2a70000, 0x0000019ab6228000)

Polling page: 0x0000019a98900000

Metaspace:

Usage:
  Non-class:     18.39 MB used.
      Class:      2.21 MB used.
       Both:     20.59 MB used.

Virtual space:
  Non-class space:       64.00 MB reserved,      18.62 MB ( 29%) committed,  1 nodes.
      Class space:        1.00 GB reserved,       2.38 MB ( <1%) committed,  1 nodes.
             Both:        1.06 GB reserved,      21.00 MB (  2%) committed. 

Chunk freelists:
   Non-Class:  13.05 MB
       Class:  13.47 MB
        Both:  26.52 MB

MaxMetaspaceSize: unlimited
CompressedClassSpaceSize: 1.00 GB
Initial GC threshold: 21.00 MB
Current GC threshold: 21.00 MB
CDS: on
 - commit_granule_bytes: 65536.
 - commit_granule_words: 8192.
 - virtual_space_node_default_size: 8388608.
 - enlarge_chunks_in_place: 1.
 - use_allocation_guard: 0.


Internal statistics:

num_allocs_failed_limit: 0.
num_arena_births: 400.
num_arena_deaths: 0.
num_vsnodes_births: 2.
num_vsnodes_deaths: 0.
num_space_committed: 336.
num_space_uncommitted: 0.
num_chunks_returned_to_freelist: 0.
num_chunks_taken_from_freelist: 825.
num_chunk_merges: 0.
num_chunk_splits: 510.
num_chunks_enlarged: 329.
num_inconsistent_stats: 0.

CodeHeap 'non-profiled nmethods': size=120000Kb used=2861Kb max_used=2861Kb free=117138Kb
 bounds [0x0000019aaa120000, 0x0000019aaa3f0000, 0x0000019ab1650000]
CodeHeap 'profiled nmethods': size=120000Kb used=7885Kb max_used=7885Kb free=112114Kb
 bounds [0x0000019aa2650000, 0x0000019aa2e10000, 0x0000019aa9b80000]
CodeHeap 'non-nmethods': size=5760Kb used=1579Kb max_used=1626Kb free=4181Kb
 bounds [0x0000019aa9b80000, 0x0000019aa9df0000, 0x0000019aaa120000]
 total_blobs=4527 nmethods=3942 adapters=489
 compilation: enabled
              stopped_count=0, restarted_count=0
 full_count=0

Compilation events (20 events):
Event: 8.314 Thread 0x0000019a80aac4d0 nmethod 3929 0x0000019aaa3e4a90 code [0x0000019aaa3e4c40, 0x0000019aaa3e4ef0]
Event: 8.314 Thread 0x0000019a80aac4d0 3928       4       java.util.concurrent.locks.AbstractQueuedSynchronizer::releaseShared (19 bytes)
Event: 8.317 Thread 0x0000019a80aac4d0 nmethod 3928 0x0000019aaa3e5110 code [0x0000019aaa3e52c0, 0x0000019aaa3e55c0]
Event: 8.338 Thread 0x0000019a80aac4d0 3930       4       java.util.concurrent.locks.AbstractQueuedSynchronizer::acquire (20 bytes)
Event: 8.340 Thread 0x0000019a80aac4d0 nmethod 3930 0x0000019aaa3e5810 code [0x0000019aaa3e59a0, 0x0000019aaa3e5be0]
Event: 8.350 Thread 0x0000019ab89f2250 3932       3       java.lang.invoke.MemberName::getFactory (4 bytes)
Event: 8.351 Thread 0x0000019ab89f2250 nmethod 3932 0x0000019aa2e01510 code [0x0000019aa2e016a0, 0x0000019aa2e01798]
Event: 8.358 Thread 0x0000019a80aac4d0 3933   !   4       java.lang.invoke.MemberName::getMethodType (211 bytes)
Event: 8.362 Thread 0x0000019a80aac4d0 nmethod 3933 0x0000019aaa3e6090 code [0x0000019aaa3e6280, 0x0000019aaa3e6878]
Event: 8.364 Thread 0x0000019ab883e3c0 nmethod 3926 0x0000019aaa3e6c10 code [0x0000019aaa3e6f80, 0x0000019aaa3e8cd0]
Event: 8.364 Thread 0x0000019ab89f2250 3934       3       java.lang.Class::protectionDomain (48 bytes)
Event: 8.365 Thread 0x0000019ab89f2250 nmethod 3934 0x0000019aa2e01810 code [0x0000019aa2e01a40, 0x0000019aa2e020f8]
Event: 8.366 Thread 0x0000019ab89f2250 3935       3       jdk.internal.reflect.ReflectionFactory::copyField (11 bytes)
Event: 8.366 Thread 0x0000019ab89f2250 nmethod 3935 0x0000019aa2e02310 code [0x0000019aa2e024c0, 0x0000019aa2e026d0]
Event: 8.366 Thread 0x0000019ab89f2250 3936       3       java.lang.reflect.ReflectAccess::copyField (5 bytes)
Event: 8.366 Thread 0x0000019ab89f2250 nmethod 3936 0x0000019aa2e02810 code [0x0000019aa2e029c0, 0x0000019aa2e02b08]
Event: 8.366 Thread 0x0000019ab89f2250 3937       3       java.lang.reflect.Field::copy (80 bytes)
Event: 8.367 Thread 0x0000019ab89f2250 nmethod 3937 0x0000019aa2e02c10 code [0x0000019aa2e02de0, 0x0000019aa2e03238]
Event: 8.368 Thread 0x0000019ab89f2250 3938       3       jdk.internal.loader.NativeLibraries$NativeLibraryImpl::find (9 bytes)
Event: 8.368 Thread 0x0000019ab89f2250 nmethod 3938 0x0000019aa2e03390 code [0x0000019aa2e03540, 0x0000019aa2e03690]

GC Heap History (12 events):
Event: 1.447 GC heap before
{Heap before GC invocations=0 (full 0):
 garbage-first heap   total 229376K, used 18432K [0x0000000721200000, 0x0000000800000000)
  region size 2048K, 6 young (12288K), 0 survivors (0K)
 Metaspace       used 2546K, committed 2688K, reserved 1114112K
  class space    used 213K, committed 320K, reserved 1048576K
}
Event: 1.451 GC heap after
{Heap after GC invocations=1 (full 0):
 garbage-first heap   total 229376K, used 8256K [0x0000000721200000, 0x0000000800000000)
  region size 2048K, 1 young (2048K), 1 survivors (2048K)
 Metaspace       used 2546K, committed 2688K, reserved 1114112K
  class space    used 213K, committed 320K, reserved 1048576K
}
Event: 1.892 GC heap before
{Heap before GC invocations=1 (full 0):
 garbage-first heap   total 229376K, used 20544K [0x0000000721200000, 0x0000000800000000)
  region size 2048K, 7 young (14336K), 1 survivors (2048K)
 Metaspace       used 4630K, committed 4864K, reserved 1114112K
  class space    used 414K, committed 576K, reserved 1048576K
}
Event: 1.894 GC heap after
{Heap after GC invocations=2 (full 0):
 garbage-first heap   total 229376K, used 13789K [0x0000000721200000, 0x0000000800000000)
  region size 2048K, 1 young (2048K), 1 survivors (2048K)
 Metaspace       used 4630K, committed 4864K, reserved 1114112K
  class space    used 414K, committed 576K, reserved 1048576K
}
Event: 2.613 GC heap before
{Heap before GC invocations=2 (full 0):
 garbage-first heap   total 229376K, used 34269K [0x0000000721200000, 0x0000000800000000)
  region size 2048K, 11 young (22528K), 1 survivors (2048K)
 Metaspace       used 6491K, committed 6720K, reserved 1114112K
  class space    used 588K, committed 704K, reserved 1048576K
}
Event: 2.616 GC heap after
{Heap after GC invocations=3 (full 0):
 garbage-first heap   total 229376K, used 16252K [0x0000000721200000, 0x0000000800000000)
  region size 2048K, 2 young (4096K), 2 survivors (4096K)
 Metaspace       used 6491K, committed 6720K, reserved 1114112K
  class space    used 588K, committed 704K, reserved 1048576K
}
Event: 3.208 GC heap before
{Heap before GC invocations=3 (full 0):
 garbage-first heap   total 229376K, used 75644K [0x0000000721200000, 0x0000000800000000)
  region size 2048K, 31 young (63488K), 2 survivors (4096K)
 Metaspace       used 7085K, committed 7360K, reserved 1114112K
  class space    used 641K, committed 768K, reserved 1048576K
}
Event: 3.212 GC heap after
{Heap after GC invocations=4 (full 0):
 garbage-first heap   total 229376K, used 23417K [0x0000000721200000, 0x0000000800000000)
  region size 2048K, 4 young (8192K), 4 survivors (8192K)
 Metaspace       used 7085K, committed 7360K, reserved 1114112K
  class space    used 641K, committed 768K, reserved 1048576K
}
Event: 4.298 GC heap before
{Heap before GC invocations=4 (full 0):
 garbage-first heap   total 229376K, used 152441K [0x0000000721200000, 0x0000000800000000)
  region size 2048K, 67 young (137216K), 4 survivors (8192K)
 Metaspace       used 7282K, committed 7488K, reserved 1114112K
  class space    used 652K, committed 768K, reserved 1048576K
}
Event: 4.304 GC heap after
{Heap after GC invocations=5 (full 0):
 garbage-first heap   total 229376K, used 29561K [0x0000000721200000, 0x0000000800000000)
  region size 2048K, 7 young (14336K), 7 survivors (14336K)
 Metaspace       used 7282K, committed 7488K, reserved 1114112K
  class space    used 652K, committed 768K, reserved 1048576K
}
Event: 4.625 GC heap before
{Heap before GC invocations=5 (full 0):
 garbage-first heap   total 229376K, used 154489K [0x0000000721200000, 0x0000000800000000)
  region size 2048K, 67 young (137216K), 7 survivors (14336K)
 Metaspace       used 7293K, committed 7488K, reserved 1114112K
  class space    used 652K, committed 768K, reserved 1048576K
}
Event: 4.631 GC heap after
{Heap after GC invocations=6 (full 0):
 garbage-first heap   total 229376K, used 37170K [0x0000000721200000, 0x0000000800000000)
  region size 2048K, 6 young (12288K), 6 survivors (12288K)
 Metaspace       used 7293K, committed 7488K, reserved 1114112K
  class space    used 652K, committed 768K, reserved 1048576K
}

Dll operation events (12 events):
Event: 0.072 Loaded shared library C:\Program Files\Java\jdk-21\bin\java.dll
Event: 0.074 Loaded shared library C:\Program Files\Java\jdk-21\bin\zip.dll
Event: 0.122 Loaded shared library C:\Program Files\Java\jdk-21\bin\jsvml.dll
Event: 0.609 Loaded shared library C:\Program Files\Java\jdk-21\bin\net.dll
Event: 0.613 Loaded shared library C:\Program Files\Java\jdk-21\bin\nio.dll
Event: 0.619 Loaded shared library C:\Program Files\Java\jdk-21\bin\zip.dll
Event: 1.121 Loaded shared library C:\Program Files\Java\jdk-21\bin\instrument.dll
Event: 1.259 Loaded shared library C:\Program Files\Java\jdk-21\bin\jimage.dll
Event: 2.008 Loaded shared library C:\Program Files\Java\jdk-21\bin\verify.dll
Event: 6.088 Loaded shared library C:\Program Files\Java\jdk-21\bin\management.dll
Event: 6.093 Loaded shared library C:\Program Files\Java\jdk-21\bin\management_ext.dll
Event: 8.326 Loaded shared library C:\Users\aelig\AppData\Local\Temp\lwjglaelig\3.3.1-build-7\lwjgl.dll

Deoptimization events (20 events):
Event: 8.398 Thread 0x0000019a98726580 DEOPT PACKING pc=0x0000019aaa37ad28 sp=0x0000002ee3afd940
Event: 8.398 Thread 0x0000019a98726580 DEOPT UNPACKING pc=0x0000019aa9bd4e42 sp=0x0000002ee3afcce0 mode 1
Event: 8.398 Thread 0x0000019a98726580 DEOPT PACKING pc=0x0000019aaa37ad28 sp=0x0000002ee3afd940
Event: 8.398 Thread 0x0000019a98726580 DEOPT UNPACKING pc=0x0000019aa9bd4e42 sp=0x0000002ee3afcce0 mode 1
Event: 8.398 Thread 0x0000019a98726580 DEOPT PACKING pc=0x0000019aaa37ad28 sp=0x0000002ee3afd940
Event: 8.398 Thread 0x0000019a98726580 DEOPT UNPACKING pc=0x0000019aa9bd4e42 sp=0x0000002ee3afcce0 mode 1
Event: 8.398 Thread 0x0000019a98726580 DEOPT PACKING pc=0x0000019aaa37ad28 sp=0x0000002ee3afd940
Event: 8.398 Thread 0x0000019a98726580 DEOPT UNPACKING pc=0x0000019aa9bd4e42 sp=0x0000002ee3afcce0 mode 1
Event: 8.398 Thread 0x0000019a98726580 DEOPT PACKING pc=0x0000019aaa37ad28 sp=0x0000002ee3afd940
Event: 8.398 Thread 0x0000019a98726580 DEOPT UNPACKING pc=0x0000019aa9bd4e42 sp=0x0000002ee3afcce0 mode 1
Event: 8.398 Thread 0x0000019a98726580 DEOPT PACKING pc=0x0000019aaa37ad28 sp=0x0000002ee3afd940
Event: 8.398 Thread 0x0000019a98726580 DEOPT UNPACKING pc=0x0000019aa9bd4e42 sp=0x0000002ee3afcce0 mode 1
Event: 8.398 Thread 0x0000019a98726580 DEOPT PACKING pc=0x0000019aaa37ad28 sp=0x0000002ee3afd940
Event: 8.398 Thread 0x0000019a98726580 DEOPT UNPACKING pc=0x0000019aa9bd4e42 sp=0x0000002ee3afcce0 mode 1
Event: 8.398 Thread 0x0000019a98726580 DEOPT PACKING pc=0x0000019aaa37ad28 sp=0x0000002ee3afd940
Event: 8.398 Thread 0x0000019a98726580 DEOPT UNPACKING pc=0x0000019aa9bd4e42 sp=0x0000002ee3afcce0 mode 1
Event: 8.398 Thread 0x0000019a98726580 DEOPT PACKING pc=0x0000019aaa37ad28 sp=0x0000002ee3afd940
Event: 8.398 Thread 0x0000019a98726580 DEOPT UNPACKING pc=0x0000019aa9bd4e42 sp=0x0000002ee3afcce0 mode 1
Event: 8.398 Thread 0x0000019a98726580 DEOPT PACKING pc=0x0000019aaa37ad28 sp=0x0000002ee3afd940
Event: 8.398 Thread 0x0000019a98726580 DEOPT UNPACKING pc=0x0000019aa9bd4e42 sp=0x0000002ee3afcce0 mode 1

Classes loaded (20 events):
Event: 8.342 Loading class java/nio/ShortBuffer
Event: 8.342 Loading class java/nio/ShortBuffer done
Event: 8.346 Loading class java/nio/DirectShortBufferU
Event: 8.346 Loading class java/nio/DirectShortBufferU done
Event: 8.346 Loading class java/nio/DirectCharBufferU
Event: 8.347 Loading class java/nio/DirectCharBufferU done
Event: 8.347 Loading class java/nio/DirectFloatBufferU
Event: 8.347 Loading class java/nio/DirectFloatBufferU done
Event: 8.347 Loading class java/nio/DirectDoubleBufferU
Event: 8.348 Loading class java/nio/DirectDoubleBufferU done
Event: 8.350 Loading class java/util/function/LongPredicate
Event: 8.350 Loading class java/util/function/LongPredicate done
Event: 8.378 Loading class java/nio/InvalidMarkException
Event: 8.378 Loading class java/nio/InvalidMarkException done
Event: 8.378 Loading class java/nio/BufferUnderflowException
Event: 8.378 Loading class java/nio/BufferUnderflowException done
Event: 8.381 Loading class org/lwjgl/system/MemoryStack
Event: 8.381 Loading class org/lwjgl/system/MemoryStack done
Event: 8.381 Loading class org/lwjgl/system/MemoryStack
Event: 8.381 Loading class org/lwjgl/system/MemoryStack done

Classes unloaded (0 events):
No events

Classes redefined (1 events):
Event: 1.155 Thread 0x0000019ab8819350 redefined class name=java.lang.Throwable, count=1

Internal exceptions (20 events):
Event: 8.187 Thread 0x0000019a98726580 Exception <a 'java/lang/NoSuchMethodError'{0x0000000728083688}: 'java.lang.Object java.lang.invoke.DirectMethodHandle$Holder.invokeInterface(java.lang.Object, java.lang.Object, java.lang.Object, java.lang.Object)'> (0x0000000728083688) 
thrown [s\open\src\hotspot\share\interpreter\linkResolver.cpp, line 773]
Event: 8.189 Thread 0x0000019a98726580 Exception <a 'java/lang/NoSuchMethodError'{0x00000007280934a0}: 'void java.lang.invoke.DirectMethodHandle$Holder.invokeStaticInit(java.lang.Object, java.lang.Object)'> (0x00000007280934a0) 
thrown [s\open\src\hotspot\share\interpreter\linkResolver.cpp, line 773]
Event: 8.191 Thread 0x0000019a98726580 Exception <a 'java/lang/NoSuchMethodError'{0x000000072809e478}: 'java.lang.Object java.lang.invoke.DirectMethodHandle$Holder.invokeStaticInit(java.lang.Object, java.lang.Object, java.lang.Object, java.lang.Object)'> (0x000000072809e478) 
thrown [s\open\src\hotspot\share\interpreter\linkResolver.cpp, line 773]
Event: 8.191 Thread 0x0000019a98726580 Exception <a 'java/lang/IncompatibleClassChangeError'{0x00000007280a3518}: Found class java.lang.Object, but interface was expected> (0x00000007280a3518) 
thrown [s\open\src\hotspot\share\interpreter\linkResolver.cpp, line 840]
Event: 8.195 Thread 0x0000019a98726580 Exception <a 'java/lang/IncompatibleClassChangeError'{0x00000007280db340}: Found class java.lang.Object, but interface was expected> (0x00000007280db340) 
thrown [s\open\src\hotspot\share\interpreter\linkResolver.cpp, line 840]
Event: 8.238 Thread 0x0000019a98726580 Exception <a 'java/lang/NoSuchMethodError'{0x0000000727eb98f0}: 'java.lang.Object java.lang.invoke.DirectMethodHandle$Holder.invokeVirtual(java.lang.Object, java.lang.Object, java.lang.Object)'> (0x0000000727eb98f0) 
thrown [s\open\src\hotspot\share\interpreter\linkResolver.cpp, line 773]
Event: 8.265 Thread 0x0000019a98726580 Exception <a 'java/lang/NoSuchMethodError'{0x0000000727fc2670}: 'java.lang.Object java.lang.invoke.DirectMethodHandle$Holder.newInvokeSpecial(java.lang.Object, int, java.lang.Object, java.lang.Object)'> (0x0000000727fc2670) 
thrown [s\open\src\hotspot\share\interpreter\linkResolver.cpp, line 773]
Event: 8.266 Thread 0x0000019a98726580 Exception <a 'java/lang/NoSuchMethodError'{0x0000000727fc6510}: 'java.lang.Object java.lang.invoke.DirectMethodHandle$Holder.invokeSpecial(java.lang.Object, java.lang.Object, int, java.lang.Object, java.lang.Object)'> (0x0000000727fc6510) 
thrown [s\open\src\hotspot\share\interpreter\linkResolver.cpp, line 773]
Event: 8.297 Thread 0x0000019a98726580 Exception <a 'java/lang/NoSuchMethodError'{0x0000000727d148a8}: 'void java.lang.System.load(java.lang.String, java.lang.Class)'> (0x0000000727d148a8) 
thrown [s\open\src\hotspot\share\interpreter\linkResolver.cpp, line 773]
Event: 8.303 Thread 0x0000019a98726580 Exception <a 'java/lang/NoSuchMethodError'{0x0000000727d26ba8}: 'void java.lang.System.loadLibrary(java.lang.String, java.lang.Class)'> (0x0000000727d26ba8) 
thrown [s\open\src\hotspot\share\interpreter\linkResolver.cpp, line 773]
Event: 8.323 Thread 0x0000019a98726580 Exception <a 'sun/nio/fs/WindowsException'{0x0000000727ab4248}> (0x0000000727ab4248) 
thrown [s\open\src\hotspot\share\prims\jni.cpp, line 520]
Event: 8.323 Thread 0x0000019a98726580 Exception <a 'sun/nio/fs/WindowsException'{0x0000000727ab45b8}> (0x0000000727ab45b8) 
thrown [s\open\src\hotspot\share\prims\jni.cpp, line 520]
Event: 8.336 Thread 0x0000019a98726580 Exception <a 'sun/nio/fs/WindowsException'{0x0000000727bf5490}> (0x0000000727bf5490) 
thrown [s\open\src\hotspot\share\prims\jni.cpp, line 520]
Event: 8.336 Thread 0x0000019a98726580 Exception <a 'sun/nio/fs/WindowsException'{0x0000000727bf5810}> (0x0000000727bf5810) 
thrown [s\open\src\hotspot\share\prims\jni.cpp, line 520]
Event: 8.358 Thread 0x0000019a98726580 Exception <a 'java/lang/NoSuchMethodError'{0x0000000726d34418}: 'int java.lang.invoke.DirectMethodHandle$Holder.invokeStaticInit(java.lang.Object, java.lang.Object, int, long)'> (0x0000000726d34418) 
thrown [s\open\src\hotspot\share\interpreter\linkResolver.cpp, line 773]
Event: 8.365 Thread 0x0000019a98726580 Exception <a 'java/lang/NoSuchMethodError'{0x0000000726d39670}: 'java.lang.Object java.lang.invoke.DirectMethodHandle$Holder.newInvokeSpecial(java.lang.Object, java.lang.Object, int)'> (0x0000000726d39670) 
thrown [s\open\src\hotspot\share\interpreter\linkResolver.cpp, line 773]
Event: 8.373 Thread 0x0000019a98726580 Exception <a 'java/lang/NoSuchMethodError'{0x0000000726d4db28}: 'int java.lang.invoke.DirectMethodHandle$Holder.invokeStaticInit(java.lang.Object, java.lang.Object, long, long)'> (0x0000000726d4db28) 
thrown [s\open\src\hotspot\share\interpreter\linkResolver.cpp, line 773]
Event: 8.374 Thread 0x0000019a98726580 Exception <a 'java/lang/NoSuchMethodError'{0x0000000726d530e8}: 'java.lang.Object java.lang.invoke.DirectMethodHandle$Holder.newInvokeSpecial(java.lang.Object, java.lang.Object, long)'> (0x0000000726d530e8) 
thrown [s\open\src\hotspot\share\interpreter\linkResolver.cpp, line 773]
Event: 8.375 Thread 0x0000019a98726580 Exception <a 'java/lang/NoSuchMethodError'{0x0000000726d568d0}: 'java.lang.Object java.lang.invoke.Invokers$Holder.linkToTargetMethod(java.lang.Object, long, java.lang.Object)'> (0x0000000726d568d0) 
thrown [s\open\src\hotspot\share\interpreter\linkResolver.cpp, line 773]
Event: 8.376 Thread 0x0000019a98726580 Exception <a 'java/lang/NoSuchMethodError'{0x0000000726d5d978}: 'int java.lang.invoke.DirectMethodHandle$Holder.invokeStaticInit(java.lang.Object, java.lang.Object, java.lang.Object, long)'> (0x0000000726d5d978) 
thrown [s\open\src\hotspot\share\interpreter\linkResolver.cpp, line 773]

ZGC Phase Switch (0 events):
No events

VM Operations (20 events):
Event: 7.239 Executing VM operation: HandshakeAllThreads (Deoptimize)
Event: 7.239 Executing VM operation: HandshakeAllThreads (Deoptimize) done
Event: 7.245 Executing VM operation: HandshakeAllThreads (Deoptimize)
Event: 7.245 Executing VM operation: HandshakeAllThreads (Deoptimize) done
Event: 7.379 Executing VM operation: HandshakeAllThreads (Deoptimize)
Event: 7.379 Executing VM operation: HandshakeAllThreads (Deoptimize) done
Event: 7.380 Executing VM operation: HandshakeAllThreads (Deoptimize)
Event: 7.380 Executing VM operation: HandshakeAllThreads (Deoptimize) done
Event: 7.459 Executing VM operation: HandshakeAllThreads (Deoptimize)
Event: 7.459 Executing VM operation: HandshakeAllThreads (Deoptimize) done
Event: 7.586 Executing VM operation: HandshakeAllThreads (Deoptimize)
Event: 7.586 Executing VM operation: HandshakeAllThreads (Deoptimize) done
Event: 7.662 Executing VM operation: ICBufferFull
Event: 7.663 Executing VM operation: ICBufferFull done
Event: 7.689 Executing VM operation: HandshakeAllThreads (Deoptimize)
Event: 7.689 Executing VM operation: HandshakeAllThreads (Deoptimize) done
Event: 7.714 Executing VM operation: HandshakeAllThreads (Deoptimize)
Event: 7.714 Executing VM operation: HandshakeAllThreads (Deoptimize) done
Event: 7.814 Executing VM operation: HandshakeAllThreads (Deoptimize)
Event: 7.814 Executing VM operation: HandshakeAllThreads (Deoptimize) done

Events (20 events):
Event: 0.120 Thread 0x0000019ab883a160 Thread added: 0x0000019ab883a160
Event: 0.120 Thread 0x0000019ab883abc0 Thread added: 0x0000019ab883abc0
Event: 0.120 Thread 0x0000019ab883b620 Thread added: 0x0000019ab883b620
Event: 0.120 Thread 0x0000019ab883e3c0 Thread added: 0x0000019ab883e3c0
Event: 0.128 Thread 0x0000019ab89f2250 Thread added: 0x0000019ab89f2250
Event: 0.592 Thread 0x0000019ab8a7fdd0 Thread added: 0x0000019ab8a7fdd0
Event: 0.810 Thread 0x0000019ab8c9aa40 Thread added: 0x0000019ab8c9aa40
Event: 0.810 Thread 0x0000019ab8c79030 Thread added: 0x0000019ab8c79030
Event: 0.811 Thread 0x0000019ab8d62f60 Thread added: 0x0000019ab8d62f60
Event: 1.188 Thread 0x0000019ab8cc53f0 Thread added: 0x0000019ab8cc53f0
Event: 1.191 Thread 0x0000019ab8cf3510 Thread added: 0x0000019ab8cf3510
Event: 1.305 Thread 0x0000019afe148080 Thread added: 0x0000019afe148080
Event: 4.562 Thread 0x0000019afe148080 Thread exited: 0x0000019afe148080
Event: 4.705 Thread 0x0000019afe148080 Thread added: 0x0000019afe148080
Event: 5.763 Thread 0x0000019afe148080 Thread exited: 0x0000019afe148080
Event: 6.295 Thread 0x0000019a80aac4d0 Thread added: 0x0000019a80aac4d0
Event: 7.395 Thread 0x0000019a81d3f870 Thread added: 0x0000019a81d3f870
Event: 7.410 Thread 0x0000019a81d3f870 Thread exited: 0x0000019a81d3f870
Event: 7.429 Thread 0x0000019a81d3e4c0 Thread added: 0x0000019a81d3e4c0
Event: 7.450 Thread 0x0000019a81d3e4c0 Thread exited: 0x0000019a81d3e4c0


Dynamic libraries:
0x00007ff71d330000 - 0x00007ff71d340000 	C:\Program Files\Java\jdk-21\bin\java.exe
0x00007fff78f40000 - 0x00007fff791a9000 	C:\WINDOWS\SYSTEM32\ntdll.dll
0x00007fff77340000 - 0x00007fff77409000 	C:\WINDOWS\System32\KERNEL32.DLL
0x00007fff765a0000 - 0x00007fff76993000 	C:\WINDOWS\System32\KERNELBASE.dll
0x00007fff760d0000 - 0x00007fff7621b000 	C:\WINDOWS\System32\ucrtbase.dll
0x00007fff64a80000 - 0x00007fff64a99000 	C:\Program Files\Java\jdk-21\bin\jli.dll
0x00007fff64bc0000 - 0x00007fff64bdb000 	C:\Program Files\Java\jdk-21\bin\VCRUNTIME140.dll
0x00007fff78c00000 - 0x00007fff78cb4000 	C:\WINDOWS\System32\ADVAPI32.dll
0x00007fff770c0000 - 0x00007fff77169000 	C:\WINDOWS\System32\msvcrt.dll
0x00007fff77db0000 - 0x00007fff77e56000 	C:\WINDOWS\System32\sechost.dll
0x00007fff78ae0000 - 0x00007fff78bf8000 	C:\WINDOWS\System32\RPCRT4.dll
0x00007fff77170000 - 0x00007fff77334000 	C:\WINDOWS\System32\USER32.dll
0x00007fff76420000 - 0x00007fff76447000 	C:\WINDOWS\System32\win32u.dll
0x00007fff782a0000 - 0x00007fff782cb000 	C:\WINDOWS\System32\GDI32.dll
0x00007fff769a0000 - 0x00007fff76acd000 	C:\WINDOWS\System32\gdi32full.dll
0x00007fff63aa0000 - 0x00007fff63d33000 	C:\WINDOWS\WinSxS\amd64_microsoft.windows.common-controls_6595b64144ccf1df_6.0.26100.5074_none_3e0d6f78e32fd63f\COMCTL32.dll
0x00007fff76450000 - 0x00007fff764f3000 	C:\WINDOWS\System32\msvcp_win.dll
0x00007fff6fc70000 - 0x00007fff6fc7b000 	C:\WINDOWS\SYSTEM32\VERSION.dll
0x00007fff77e60000 - 0x00007fff77e8f000 	C:\WINDOWS\System32\IMM32.DLL
0x00007fff64bb0000 - 0x00007fff64bbc000 	C:\Program Files\Java\jdk-21\bin\vcruntime140_1.dll
0x00007fff4c820000 - 0x00007fff4c8ae000 	C:\Program Files\Java\jdk-21\bin\msvcp140.dll
0x00007ffecb290000 - 0x00007ffecbfa3000 	C:\Program Files\Java\jdk-21\bin\server\jvm.dll
0x00007fff77b00000 - 0x00007fff77b74000 	C:\WINDOWS\System32\WS2_32.dll
0x00007fff75f30000 - 0x00007fff75f8e000 	C:\WINDOWS\SYSTEM32\POWRPROF.dll
0x00007fff6fc30000 - 0x00007fff6fc65000 	C:\WINDOWS\SYSTEM32\WINMM.dll
0x00007fff75f10000 - 0x00007fff75f24000 	C:\WINDOWS\SYSTEM32\UMPDC.dll
0x00007fff74eb0000 - 0x00007fff74ecb000 	C:\WINDOWS\SYSTEM32\kernel.appcore.dll
0x00007fff64a70000 - 0x00007fff64a7a000 	C:\Program Files\Java\jdk-21\bin\jimage.dll
0x00007fff6bca0000 - 0x00007fff6bee2000 	C:\WINDOWS\SYSTEM32\DBGHELP.DLL
0x00007fff77f20000 - 0x00007fff7829b000 	C:\WINDOWS\System32\combase.dll
0x00007fff76f60000 - 0x00007fff77037000 	C:\WINDOWS\System32\OLEAUT32.dll
0x00007fff56a80000 - 0x00007fff56abd000 	C:\WINDOWS\SYSTEM32\dbgcore.DLL
0x00007fff76500000 - 0x00007fff76599000 	C:\WINDOWS\System32\bcryptPrimitives.dll
0x00007fff4fc20000 - 0x00007fff4fc5c000 	C:\Program Files\Java\jdk-21\bin\jdwp.dll
0x00007fff61b30000 - 0x00007fff61b3f000 	C:\Program Files\Java\jdk-21\bin\instrument.dll
0x00007fff61b10000 - 0x00007fff61b2f000 	C:\Program Files\Java\jdk-21\bin\java.dll
0x00007fff61af0000 - 0x00007fff61b08000 	C:\Program Files\Java\jdk-21\bin\zip.dll
0x00007fff78390000 - 0x00007fff78add000 	C:\WINDOWS\System32\SHELL32.dll
0x00007fff76220000 - 0x00007fff7638c000 	C:\WINDOWS\System32\wintypes.dll
0x00007fff73d20000 - 0x00007fff74579000 	C:\WINDOWS\SYSTEM32\windows.storage.dll
0x00007fff77570000 - 0x00007fff77660000 	C:\WINDOWS\System32\SHCORE.dll
0x00007fff77050000 - 0x00007fff770b2000 	C:\WINDOWS\System32\shlwapi.dll
0x00007fff75ff0000 - 0x00007fff76019000 	C:\WINDOWS\SYSTEM32\profapi.dll
0x00007fff43060000 - 0x00007fff43137000 	C:\Program Files\Java\jdk-21\bin\jsvml.dll
0x00007fff61ae0000 - 0x00007fff61af0000 	C:\Program Files\Java\jdk-21\bin\net.dll
0x00007fff6cec0000 - 0x00007fff6cfdf000 	C:\WINDOWS\SYSTEM32\WINHTTP.dll
0x00007fff75430000 - 0x00007fff7549b000 	C:\WINDOWS\system32\mswsock.dll
0x00007fff4de00000 - 0x00007fff4de16000 	C:\Program Files\Java\jdk-21\bin\nio.dll
0x00007fff64f10000 - 0x00007fff64f1c000 	C:\Program Files\Java\jdk-21\bin\dt_socket.dll
0x00007fff74890000 - 0x00007fff748c4000 	C:\WINDOWS\SYSTEM32\IPHLPAPI.DLL
0x00007fff4ddf0000 - 0x00007fff4de00000 	C:\Program Files\Java\jdk-21\bin\verify.dll
0x00007fff4dde0000 - 0x00007fff4ddea000 	C:\Program Files\Java\jdk-21\bin\management.dll
0x00007fff4dbf0000 - 0x00007fff4dbfb000 	C:\Program Files\Java\jdk-21\bin\management_ext.dll
0x00007fff78360000 - 0x00007fff78368000 	C:\WINDOWS\System32\PSAPI.DLL
0x00007fff5d990000 - 0x00007fff5d9a8000 	C:\WINDOWS\system32\napinsp.dll
0x00007fff74920000 - 0x00007fff74a46000 	C:\WINDOWS\SYSTEM32\DNSAPI.dll
0x00007fff76f50000 - 0x00007fff76f5a000 	C:\WINDOWS\System32\NSI.dll
0x00007fff5d970000 - 0x00007fff5d982000 	C:\WINDOWS\System32\winrnr.dll
0x00007fff5d940000 - 0x00007fff5d968000 	C:\WINDOWS\system32\nlansp_c.dll
0x00007fff5d920000 - 0x00007fff5d936000 	C:\WINDOWS\system32\wshbth.dll
0x00007fff6a1a0000 - 0x00007fff6a1ab000 	C:\Windows\System32\rasadhlp.dll
0x00007fff6ab60000 - 0x00007fff6abe6000 	C:\WINDOWS\System32\fwpuclnt.dll
0x00007fff4d0d0000 - 0x00007fff4d145000 	C:\Users\aelig\AppData\Local\Temp\lwjglaelig\3.3.1-build-7\lwjgl.dll
0x00007fff4cec0000 - 0x00007fff4cf21000 	C:\Users\aelig\AppData\Local\Temp\lwjglaelig\3.3.1-build-7\glfw.dll

dbghelp: loaded successfully - version: 4.0.5 - missing functions: none
symbol engine: initialized successfully - sym options: 0x614 - pdb path: .;C:\Program Files\Java\jdk-21\bin;C:\WINDOWS\SYSTEM32;C:\WINDOWS\WinSxS\amd64_microsoft.windows.common-controls_6595b64144ccf1df_6.0.26100.5074_none_3e0d6f78e32fd63f;C:\Program Files\Java\jdk-21\bin\server;C:\Users\aelig\AppData\Local\Temp\lwjglaelig\3.3.1-build-7

VM Arguments:
jvm_args: -Ddebugger.agent.enable.coroutines=true -Dforge.enableGameTest=true -Dforge.enabledGameTestNamespaces=cif -Dforge.logging.console.level=debug -Dforge.logging.markers=REGISTRIES -DignoreList=bootstraplauncher,securejarhandler,asm-commons,asm-util,asm-analysis,asm-tree,asm,JarJarFileSystems,client-extra,fmlcore,javafmllanguage,lowcodelanguage,mclanguage,forge- -Djava.net.preferIPv6Addresses=system -Dkotlinx.coroutines.debug.enable.creation.stack.trace=false -Dkotlinx.coroutines.debug.enable.flows.stack.trace=true -Dkotlinx.coroutines.debug.enable.mutable.state.flows.stack.trace=true -DlegacyClassPath.file=D:\aelig\Documents\maison\minecraft\java\mes mods\java\CIF\build\classpath\runClient_minecraftClasspath.txt -DmergeModules=jna-5.10.0.jar,jna-platform-5.10.0.jar -Dmixin.env.refMapRemappingFile=D:\aelig\Documents\maison\minecraft\java\mes mods\java\CIF\build\createSrgToMcp\output.srg -Dmixin.env.remapRefMap=true -Dnet.minecraftforge.gradle.GradleStart.srg.srg-mcp=D:\aelig\Documents\maison\minecraft\java\mes mods\java\CIF\build\createSrgToMcp\output.srg --module-path=C:\Users\aelig\.gradle\caches\modules-2\files-2.1\cpw.mods\bootstraplauncher\1.1.2\c546e00443d8432cda6baa1c860346980742628\bootstraplauncher-1.1.2.jar;C:\Users\aelig\.gradle\caches\modules-2\files-2.1\cpw.mods\securejarhandler\2.1.10\51e6a22c6c716beb11e244bf5b8be480f51dd6b5\securejarhandler-2.1.10.jar;C:\Users\aelig\.gradle\caches\modules-2\files-2.1\org.ow2.asm\asm-commons\9.7.1\406c6a2225cfe1819f102a161e54cc16a5c24f75\asm-commons-9.7.1.jar;C:\Users\aelig\.gradle\caches\modules-2\files-2.1\org.ow2.asm\asm-util\9.7.1\9e23359b598ec6b74b23e53110dd5c577adf2243\asm-util-9.7.1.jar;C:\Users\aelig\.gradle\caches\modules-2\files-2.1\org.ow2.asm\asm-analysis\9.7.1\f97a3b319f0ed6a8cd944dc79060d3912a28985f\asm-analysis-9.7.1.jar;C:\Users\aelig\.gradle\caches\modules-2\files-2.1\org.ow2.asm\asm-tree\9.7.1\3a53139787663b139de76b627fca0084ab60d32c\asm-tree-9.7.1.jar;C:\Users\aelig\.gradle\caches\modules-2\files-2.1\org.ow2.asm\asm\9.7.1\f0ed132a49244b042cd0e15702ab9f2ce3cc8436\asm-9.7.1.jar;C:\Users\aelig\.gradle\caches\modules-2\files-2.1\net.minecraftforge\JarJarFileSystems\0.3.19\2464eb7d6b9ddb9db36a82cf8a95193e5c6fe020\JarJarFileSystems-0.3.19.jar --add-modules=ALL-MODULE-PATH --add-opens=java.base/java.util.jar=cpw.mods.securejarhandler --add-opens=java.base/java.lang.invoke=cpw.mods.securejarhandler --add-exports=java.base/sun.security.util=cpw.mods.securejarhandler --add-exports=jdk.naming.dns/com.sun.jndi.dns=java.naming -XX:HeapDumpPath=MojangTricksIntelDriversForPerformance_javaw.exe_minecraft.exe.heapdump --module-path=C:\Users\aelig\.gradle\caches\modules-2\files-2.1\cpw.mods\bootstraplauncher\1.1.2\c546e00443d8432cda6baa1c860346980742628\bootstraplauncher-1.1.2.jar;C:\Users\aelig\.gradle\caches\modules-2\files-2.1\cpw.mods\securejarhandler\2.1.10\51e6a22c6c716beb11e244bf5b8be480f51dd6b5\securejarhandler-2.1.10.jar;C:\Users\aelig\.gradle\caches\modules-2\files-2.1\org.ow2.asm\asm-commons\9.7.1\406c6a2225cfe1819f102a161e54cc16a5c24f75\asm-commons-9.7.1.jar;C:\Users\aelig\.gradle\caches\modules-2\files-2.1\org.ow2.asm\asm-util\9.7.1\9e23359b598ec6b74b23e53110dd5c577adf2243\asm-util-9.7.1.jar;C:\Users\aelig\.gradle\caches\modules-2\files-2.1\org.ow2.asm\asm-analysis\9.7.1\f97a3b319f0ed6a8cd944dc79060d3912a28985f\asm-analysis-9.7.1.jar;C:\Users\aelig\.gradle\caches\modules-2\files-2.1\org.ow2.asm\asm-tree\9.7.1\3a53139787663b139de76b627fca0084ab60d32c\asm-tree-9.7.1.jar;C:\Users\aelig\.gradle\caches\modules-2\files-2.1\org.ow2.asm\asm\9.7.1\f0ed132a49244b042cd0e15702ab9f2ce3cc8436\asm-9.7.1.jar;C:\Users\aelig\.gradle\caches\modules-2\files-2.1\net.minecraftforge\JarJarFileSystems\0.3.19\2464eb7d6b9ddb9db36a82cf8a95193e5c6fe020\JarJarFileSystems-0.3.19.jar --add-modules=ALL-MODULE-PATH --add-opens=java.base/java.util.jar=cpw.mods.securejarhandler --add-opens=java.base/java.lang.invoke=cpw.mods.securejarhandler --add-exports=java.base/sun.security.util=cpw.mods.securejarhandler --add-exports=jdk.naming.dns/com.sun.jndi.dns=java.naming -XX:HeapDumpPath=MojangTricksIntelDriversForPerformance_javaw.exe_minecraft.exe.heapdump -agentlib:jdwp=transport=dt_socket,server=n,suspend=y,address=127.0.0.1:58264 -javaagent:C:\Users\aelig\AppData\Local\JetBrains\IdeaIC2025.1\captureAgent\debugger-agent.jar=file:///C:/Users/aelig/AppData/Local/Temp/capture39902897524894373.props -Dfile.encoding=UTF-8 -Duser.country=FR -Duser.language=fr -Duser.variant 
java_command: cpw.mods.bootstraplauncher.BootstrapLauncher --launchTarget forgeclientuserdev --version MOD_DEV --assetIndex 5 --assetsDir C:\Users\aelig\.gradle\caches\forge_gradle\assets --gameDir . --fml.forgeVersion 47.4.0 --fml.mcVersion 1.20.1 --fml.forgeGroup net.minecraftforge --fml.mcpVersion 20230612.114412 --mixin.config cif.mixins.json
java_class_path (initial): D:\aelig\Documents\maison\minecraft\java\mes mods\java\CIF\build\classes\java\main;D:\aelig\Documents\maison\minecraft\java\mes mods\java\CIF\build\resources\main;C:\Users\aelig\.gradle\caches\forge_gradle\deobf_dependencies\com\simibubi\create\create-1.20.1\6.0.6-150_mapped_official_1.20.1\create-1.20.1-6.0.6-150_mapped_official_1.20.1-slim.jar;C:\Users\aelig\.gradle\caches\forge_gradle\deobf_dependencies\net\createmod\ponder\Ponder-Forge-1.20.1\1.0.80_mapped_official_1.20.1\Ponder-Forge-1.20.1-1.0.80_mapped_official_1.20.1.jar;C:\Users\aelig\.gradle\caches\forge_gradle\deobf_dependencies\com\tterrag\registrate\Registrate\MC1.20-1.3.3_mapped_official_1.20.1\Registrate-MC1.20-1.3.3_mapped_official_1.20.1.jar;C:\Users\aelig\.gradle\caches\modules-2\files-2.1\io.github.llamalad7\mixinextras-forge\0.4.1\5c35573a7b76103724799ca1174a69699b8a9aec\mixinextras-forge-0.4.1.jar;C:\Users\aelig\.gradle\caches\forge_gradle\minecraft_user_repo\net\minecraftforge\forge\1.20.1-47.4.0_mapped_official_1.20.1\forge-1.20.1-47.4.0_mapped_official_1.20.1-recomp.jar;C:\Users\aelig\.gradle\caches\forge_gradle\deobf_dependencies\dev\engine-room\flywheel\flywheel-forge-1.20.1\1.0.4_mapped_official_1.20.1\flywheel-forge-1.20.1-1.0.4_mapped_official_1.20.1.jar;C:\Users\aelig\.gradle\caches\forge_gradle\minecraft_repo\versions\1.20.1\client-extra.jar;C:\Users\aelig\.gradle\caches\modules-2\files-2.1\net.minecraftforge\fmlearlydisplay\1.20.1-47.4.0\5a0c2d1a65a422bd0e64548e58b70f4d011ef788\fmlearlydisplay-1.20.1-47.4.0.jar;C:\Users\aelig\.gradle\caches\modules-2\files-2.1\net.minecraftforge\javafmllanguage\1.20.1-47.4.0\f0c0b352173d0a378cbdcec9cfc4ba65899a721\javafmllanguage-1.20.1-47.4.0.jar;C:\Users\aelig\.gradle\caches\modules-2\files-2.1\net.minecraftforge\lowcodelanguage\1.20.1-47.4.0\e862740d8c84d08dbfedea412bef88fe42e727c5\lowcodelanguage-1.20.1-47.4.0.jar;C:\Users\aelig\.gradle\caches\modules-2\files-2.1\net.minecraftforge\mclanguage\1.20.1-47.4.0\5719b3a297a33f877ed5dde4cb4bd75c859096af\mclanguage-1.20.1-47.4.0.jar;C:\Users\aelig\.gradle\caches\modules-2\files-2.1\net.minecraftforge\fmlcore\1.20.1-47.4.0\235975dafa4309945b59c56b53f31dc5b65a6051\fmlcore-1.20.1-47.4.0.jar;C:\Users\aelig\.gradle\caches\modules-2\files-2.1\net.minecraftforge\fmlloader\1.20.1-47.4.0\350292a3c597f65d130e48b6e419a2b21cba2ac1\fmlloader-1.20.1-47.4.0.jar;C:\Users\aelig\.gradle\caches\modules-2\files-2.1\net.minecraftforge\JarJarSelector\0.3.19\376cc9c8ea60720cf027c01fc033de915699801c\JarJarSelector-0.3.19.jar;C:\Users\aelig\.gradle\caches\modules-2\files-2.1\net.minecraftforge\JarJarMetadata\0.3.19\83feaa9b770e6ac0e96ee4fc23fa89325c5fe2\JarJarMetadata-0.3.19.jar;C:\Users\aelig\.gradle\caches\modules-2\files-2.1\com.google.guava\guava\31.1-jre\60458f877d055d0c9114d9e1a2efb737b4bc282c\guava-31.1-jre.jar;C:\Users\aelig\.gradle\caches\modules-2\files-2.1\com.google.code.findbugs\jsr305\3.0.2\25ea2e8b0c338a877313bd4672d3fe056ea78f0d\jsr305-3.0.2.jar;C:\Users\aelig\.gradle\caches\modules-2\files-2.1\ca.weblite\java-objc-bridge\1.1\1227f9e0666314f9de41477e3ec277e542ed7f7b\java-objc-bridge-1.1.jar;C:\Users\aelig\.gradle\caches\modules-2\files-2.1\net.minecraftforge\forgespi\7.0.1\3b4972a0cdb135853dba219be61a79b22cff1309\forgespi-7.0.1.jar;C:\Users\aelig\.gradle\caches\modules-2\files-2.1\net.minecraftforge\mergetool\1.1.5\f3da18e12c696d35a47c82cbb2cc8b5aa15e1154\mergetool-1.1.5-api.jar;C:\Users\aelig\.gradle\caches\modules-2\files-2.1\org.jetbrains\annotations\24.0.1\13c5c75c4206580aa4d683bffee658caae6c9f43\annotations-24.0.1.jar;C:\Users\aelig\.gradle\caches\forge_gradle\mcp_repo\net\minecraft\mapping\1.20.1\mapping-1.20.1-mapping.zip;C:\Users\aelig\.gradle\caches\modules-2\files-2.1\net.minecraftforge\accesstransformers\8.0.4\272d240aa73f42195b2a68e2ebd8b701ecf41f63\accesstransformers-8.0.4.jar;C:\Users\aelig\.gradle\caches\modules-2\files-2.1\net.minecraftforge\eventbus\6.0.5\699143dd438431d06b57416944f7cedbe52e1475\eventbus-6.0.5.jar;C:\Users\aelig\.gradle\caches\modules-2\files-2.1\cpw.mods\modlauncher\10.0.9\6d9443f56f50bb85cea383686ff9c867391458b\modlauncher-10.0.9.jar;C:\Users\aelig\.gradle\caches\modules-2\files-2.1\cpw.mods\bootstraplauncher\1.1.2\c546e00443d8432cda6baa1c860346980742628\bootstraplauncher-1.1.2.jar;C:\Users\aelig\.gradle\caches\modules-2\files-2.1\cpw.mods\securejarhandler\2.1.10\51e6a22c6c716beb11e244bf5b8be480f51dd6b5\securejarhandler-2.1.10.jar;C:\Users\aelig\.gradle\caches\modules-2\files-2.1\net.minecraftforge\coremods\5.2.4\e30bab269d896613e38396274711410b3a0e4b87\coremods-5.2.4.jar;C:\Users\aelig\.gradle\caches\modules-2\files-2.1\org.openjdk.nashorn\nashorn-core\15.4\f67f5ffaa5f5130cf6fb9b133da00c7df3b532a5\nashorn-core-15.4.jar;C:\Users\aelig\.gradle\caches\modules-2\files-2.1\org.ow2.asm\asm-commons\9.7.1\406c6a2225cfe1819f102a161e54cc16a5c24f75\asm-commons-9.7.1.jar;C:\Users\aelig\.gradle\caches\modules-2\files-2.1\org.ow2.asm\asm-util\9.7.1\9e23359b598ec6b74b23e53110dd5c577adf2243\asm-util-9.7.1.jar;C:\Users\aelig\.gradle\caches\modules-2\files-2.1\org.ow2.asm\asm-analysis\9.7.1\f97a3b319f0ed6a8cd944dc79060d3912a28985f\asm-analysis-9.7.1.jar;C:\Users\aelig\.gradle\caches\modules-2\files-2.1\org.ow2.asm\asm-tree\9.7.1\3a53139787663b139de76b627fca0084ab60d32c\asm-tree-9.7.1.jar;C:\Users\aelig\.gradle\caches\modules-2\files-2.1\org.ow2.asm\asm\9.7.1\f0ed132a49244b042cd0e15702ab9f2ce3cc8436\asm-9.7.1.jar;C:\Users\aelig\.gradle\caches\modules-2\files-2.1\org.antlr\antlr4\4.9.1\e92af8ab33e428461927b484e90bb155a4f3a052\antlr4-4.9.1.jar;C:\Users\aelig\.gradle\caches\modules-2\files-2.1\org.antlr\antlr4-runtime\4.9.1\428664f05d2b7f7b7610204b5aa7c1763f62011a\antlr4-runtime-4.9.1.jar;C:\Users\aelig\.gradle\caches\modules-2\files-2.1\net.minecraftforge\unsafe\0.2.0\54d7a0a5e8fdb71b973025caa46f341ae5904f39\unsafe-0.2.0.jar;C:\Users\aelig\.gradle\caches\modules-2\files-2.1\com.electronwill.night-config\toml\3.6.4\51d6cefb2b55ee55ee26b16391212fb2c7dfb4f4\toml-3.6.4.jar;C:\Users\aelig\.gradle\caches\modules-2\files-2.1\com.electronwill.night-config\core\3.6.4\510f174abbf1c947494db50ef2445683bd52c230\core-3.6.4.jar;C:\Users\aelig\.gradle\caches\modules-2\files-2.1\org.apache.maven\maven-artifact\3.8.5\4433f50c07debefaed0553bd0068f4f48d449313\maven-artifact-3.8.5.jar;C:\Users\aelig\.gradle\caches\modules-2\files-2.1\net.jodah\typetools\0.6.3\a01aaa6ddaea9ec07ec4f209487b7a46a526283a\typetools-0.6.3.jar;C:\Users\aelig\.gradle\caches\modules-2\files-2.1\net.minecrell\terminalconsoleappender\1.2.0\96d02cd3b384ff015a8fef4223bcb4ccf1717c95\terminalconsoleappender-1.2.0.jar;C:\Users\aelig\.gradle\caches\modules-2\files-2.1\org.jline\jline-reader\3.12.1\4382ab1382c7b6f379377ed5f665dc2f6e1218bc\jline-reader-3.12.1.jar;C:\Users\aelig\.gradle\caches\modules-2\files-2.1\org.jline\jline-terminal\3.12.1\c777448314e050d980a6b697c140f3bfe9eb7416\jline-terminal-3.12.1.jar;C:\Users\aelig\.gradle\caches\modules-2\files-2.1\org.spongepowered\mixin\0.8.5\9d1c0c3a304ae6697ecd477218fa61b850bf57fc\mixin-0.8.5.jar;C:\Users\aelig\.gradle\caches\modules-2\files-2.1\net.minecraftforge\JarJarFileSystems\0.3.19\2464eb7d6b9ddb9db36a82cf8a95193e5c6fe020\JarJarFileSystems-0.3.19.jar;C:\Users\aelig\.gradle\caches\modules-2\files-2.1\com.github.oshi\oshi-core\6.2.2\54f5efc19bca95d709d9a37d19ffcbba3d21c1a6\oshi-core-6.2.2.jar;C:\Users\aelig\.gradle\caches\modules-2\files-2.1\com.google.code.gson\gson\2.10\dd9b193aef96e973d5a11ab13cd17430c2e4306b\gson-2.10.jar;C:\Users\aelig\.gradle\caches\modules-2\files-2.1\com.google.guava\failureaccess\1.0.1\1dcf1de382a0bf95a3d8b0849546c88bac1292c9\failureaccess-1.0.1.jar;C:\Users\aelig\.gradle\caches\modules-2\files-2.1\com.ibm.icu\icu4j\71.1\9e7d3304c23f9ba5cb71915f7cce23231a57a445\icu4j-71.1.jar;C:\Users\aelig\.gradle\caches\modules-2\files-2.1\com.mojang\authlib\4.0.43\2ff9d747a77570a07a60d32ac77eb6162ad2a2d9\authlib-4.0.43.jar;C:\Users\aelig\.gradle\caches\modules-2\files-2.1\com.mojang\blocklist\1.0.10\5c685c5ffa94c4cd39496c7184c1d122e515ecef\blocklist-1.0.10.jar;C:\Users\aelig\.gradle\caches\modules-2\files-2.1\com.mojang\brigadier\1.1.8\5244ce82c3337bba4a196a3ce858bfaecc74404a\brigadier-1.1.8.jar;C:\Users\aelig\.gradle\caches\modules-2\files-2.1\com.mojang\datafixerupper\6.0.8\3ba4a30557a9b057760af4011f909ba619fc5125\datafixerupper-6.0.8.jar;C:\Users\aelig\.gradle\caches\modules-2\files-2.1\com.mojang\logging\1.1.1\832b8e6674a9b325a5175a3a6267dfaf34c85139\logging-1.1.1.jar;C:\Users\aelig\.gradle\caches\modules-2\files-2.1\com.mojang\patchy\2.2.10\da05971b07cbb379d002cf7eaec6a2048211fefc\patchy-2.2.10.jar;C:\Users\aelig\.gradle\caches\modules-2\files-2.1\com.mojang\text2speech\1.17.9\3cad216e3a7f0c19b4b394388bc9ffc446f13b14\text2speech-1.17.9.jar;C:\Users\aelig\.gradle\caches\modules-2\files-2.1\org.apache.httpcomponents\httpclient\4.5.13\e5f6cae5ca7ecaac1ec2827a9e2d65ae2869cada\httpclient-4.5.13.jar;C:\Users\aelig\.gradle\caches\modules-2\files-2.1\commons-codec\commons-codec\1.15\49d94806b6e3dc933dacbd8acb0fdbab8ebd1e5d\commons-codec-1.15.jar;C:\Users\aelig\.gradle\caches\modules-2\files-2.1\commons-io\commons-io\2.11.0\a2503f302b11ebde7ebc3df41daebe0e4eea3689\commons-io-2.11.0.jar;C:\Users\aelig\.gradle\caches\modules-2\files-2.1\commons-logging\commons-logging\1.2\4bfc12adfe4842bf07b657f0369c4cb522955686\commons-logging-1.2.jar;C:\Users\aelig\.gradle\caches\modules-2\files-2.1\io.netty\netty-handler\4.1.82.Final\644041d1fa96a5d3130a29e8978630d716d76e38\netty-handler-4.1.82.Final.jar;C:\Users\aelig\.gradle\caches\modules-2\files-2.1\io.netty\netty-codec\4.1.82.Final\b77200379acb345a9ffdece1c605e591ac3e4e0a\netty-codec-4.1.82.Final.jar;C:\Users\aelig\.gradle\caches\modules-2\files-2.1\io.netty\netty-transport-classes-epoll\4.1.82.Final\e7c7dd18deac93105797f30057c912651ea76521\netty-transport-classes-epoll-4.1.82.Final.jar;C:\Users\aelig\.gradle\caches\modules-2\files-2.1\io.netty\netty-transport-native-unix-common\4.1.82.Final\3e895b35ca1b8a0eca56cacff4c2dde5d2c6abce\netty-transport-native-unix-common-4.1.82.Final.jar;C:\Users\aelig\.gradle\caches\modules-2\files-2.1\io.netty\netty-transport\4.1.82.Final\e431a218d91acb6476ccad5f5aafde50aa3945ca\netty-transport-4.1.82.Final.jar;C:\Users\aelig\.gradle\caches\modules-2\files-2.1\io.netty\netty-buffer\4.1.82.Final\a544270cf1ae8b8077082f5036436a9a9971ea71\netty-buffer-4.1.82.Final.jar;C:\Users\aelig\.gradle\caches\modules-2\files-2.1\io.netty\netty-resolver\4.1.82.Final\38f665ae8dcd29032eea31245ba7806bed2e0fa8\netty-resolver-4.1.82.Final.jar;C:\Users\aelig\.gradle\caches\modules-2\files-2.1\io.netty\netty-common\4.1.82.Final\22d148e85c3f5ebdacc0ce1f5aabb1d420f73f3\netty-common-4.1.82.Final.jar;C:\Users\aelig\.gradle\caches\modules-2\files-2.1\it.unimi.dsi\fastutil\8.5.9\bb7ea75ecdb216654237830b3a96d87ad91f8cc5\fastutil-8.5.9.jar;C:\Users\aelig\.gradle\caches\modules-2\files-2.1\net.java.dev.jna\jna-platform\5.12.1\97406a297c852f4a41e688a176ec675f72e8329\jna-platform-5.12.1.jar;C:\Users\aelig\.gradle\caches\modules-2\files-2.1\net.java.dev.jna\jna\5.12.1\b1e93a735caea94f503e95e6fe79bf9cdc1e985d\jna-5.12.1.jar;C:\Users\aelig\.gradle\caches\modules-2\files-2.1\net.sf.jopt-simple\jopt-simple\5.0.4\4fdac2fbe92dfad86aa6e9301736f6b4342a3f5c\jopt-simple-5.0.4.jar;C:\Users\aelig\.gradle\caches\modules-2\files-2.1\org.apache.commons\commons-compress\1.21\4ec95b60d4e86b5c95a0e919cb172a0af98011ef\commons-compress-1.21.jar;C:\Users\aelig\.gradle\caches\modules-2\files-2.1\org.apache.commons\commons-lang3\3.12.0\c6842c86792ff03b9f1d1fe2aab8dc23aa6c6f0e\commons-lang3-3.12.0.jar;C:\Users\aelig\.gradle\caches\modules-2\files-2.1\org.apache.httpcomponents\httpcore\4.4.15\7f2e0c573eaa7a74bac2e89b359e1f73d92a0a1d\httpcore-4.4.15.jar;C:\Users\aelig\.gradle\caches\modules-2\files-2.1\org.apache.logging.log4j\log4j-core\2.19.0\3b6eeb4de4c49c0fe38a4ee27188ff5fee44d0bb\log4j-core-2.19.0.jar;C:\Users\aelig\.gradle\caches\modules-2\files-2.1\org.apache.logging.log4j\log4j-slf4j2-impl\2.19.0\5c04bfdd63ce9dceb2e284b81e96b6a70010ee10\log4j-slf4j2-impl-2.19.0.jar;C:\Users\aelig\.gradle\caches\modules-2\files-2.1\org.apache.logging.log4j\log4j-api\2.19.0\ea1b37f38c327596b216542bc636cfdc0b8036fa\log4j-api-2.19.0.jar;C:\Users\aelig\.gradle\caches\modules-2\files-2.1\org.joml\joml\1.10.5\22566d58af70ad3d72308bab63b8339906deb649\joml-1.10.5.jar;C:\Users\aelig\.gradle\caches\modules-2\files-2.1\org.lwjgl\lwjgl-glfw\3.3.1\cbac1b8d30cb4795149c1ef540f912671a8616d0\lwjgl-glfw-3.3.1.jar;C:\Users\aelig\.gradle\caches\modules-2\files-2.1\org.lwjgl\lwjgl-glfw\3.3.1\ed892f945cf7e79c8756796f32d00fa4ceaf573b\lwjgl-glfw-3.3.1-natives-windows.jar;C:\Users\aelig\.gradle\caches\modules-2\files-2.1\org.lwjgl\lwjgl-glfw\3.3.1\beda65ee503443e60aa196d58ed31f8d001dc22a\lwjgl-glfw-3.3.1-natives-windows-arm64.jar;C:\Users\aelig\.gradle\caches\modules-2\files-2.1\org.lwjgl\lwjgl-glfw\3.3.1\b997e3391d6ce8f05487e7335d95c606043884a1\lwjgl-glfw-3.3.1-natives-windows-x86.jar;C:\Users\aelig\.gradle\caches\modules-2\files-2.1\org.lwjgl\lwjgl-jemalloc\3.3.1\a817bcf213db49f710603677457567c37d53e103\lwjgl-jemalloc-3.3.1.jar;C:\Users\aelig\.gradle\caches\modules-2\files-2.1\org.lwjgl\lwjgl-jemalloc\3.3.1\948a89b76a16aa324b046ae9308891216ffce5f9\lwjgl-jemalloc-3.3.1-natives-windows.jar;C:\Users\aelig\.gradle\caches\modules-2\files-2.1\org.lwjgl\lwjgl-jemalloc\3.3.1\cae85c4edb219c88b6a0c26a87955ad98dc9519d\lwjgl-jemalloc-3.3.1-natives-windows-arm64.jar;C:\Users\aelig\.gradle\caches\modules-2\files-2.1\org.lwjgl\lwjgl-jemalloc\3.3.1\fb476c8ec110e1c137ad3ce8a7f7bfe6b11c6324\lwjgl-jemalloc-3.3.1-natives-windows-x86.jar;C:\Users\aelig\.gradle\caches\modules-2\files-2.1\org.lwjgl\lwjgl-openal\3.3.1\2623a6b8ae1dfcd880738656a9f0243d2e6840bd\lwjgl-openal-3.3.1.jar;C:\Users\aelig\.gradle\caches\modules-2\files-2.1\org.lwjgl\lwjgl-openal\3.3.1\30a474d0e57193d7bc128849a3ab66bc9316fdb1\lwjgl-openal-3.3.1-natives-windows.jar;C:\Users\aelig\.gradle\caches\modules-2\files-2.1\org.lwjgl\lwjgl-openal\3.3.1\40d65f1a7368a2aa47336f9cb69f5a190cf9975a\lwjgl-openal-3.3.1-natives-windows-arm64.jar;C:\Users\aelig\.gradle\caches\modules-2\files-2.1\org.lwjgl\lwjgl-openal\3.3.1\888349f7b1be6fbae58bf8edfb9ef12def04c4e3\lwjgl-openal-3.3.1-natives-windows-x86.jar;C:\Users\aelig\.gradle\caches\modules-2\files-2.1\org.lwjgl\lwjgl-opengl\3.3.1\831a5533a21a5f4f81bbc51bb13e9899319b5411\lwjgl-opengl-3.3.1.jar;C:\Users\aelig\.gradle\caches\modules-2\files-2.1\org.lwjgl\lwjgl-opengl\3.3.1\c1807e9bd571402787d7e37e3029776ae2513bb8\lwjgl-opengl-3.3.1-natives-windows.jar;C:\Users\aelig\.gradle\caches\modules-2\files-2.1\org.lwjgl\lwjgl-opengl\3.3.1\527d78f1e9056aff3ed02ce93019c73c5e8f1721\lwjgl-opengl-3.3.1-natives-windows-arm64.jar;C:\Users\aelig\.gradle\caches\modules-2\files-2.1\org.lwjgl\lwjgl-opengl\3.3.1\deef3eb9b178ff2ff3ce893cc72ae741c3a17974\lwjgl-opengl-3.3.1-natives-windows-x86.jar;C:\Users\aelig\.gradle\caches\modules-2\files-2.1\org.lwjgl\lwjgl-stb\3.3.1\b119297cf8ed01f247abe8685857f8e7fcf5980f\lwjgl-stb-3.3.1.jar;C:\Users\aelig\.gradle\caches\modules-2\files-2.1\org.lwjgl\lwjgl-stb\3.3.1\86315914ac119efdb02dc9e8e978ade84f1702af\lwjgl-stb-3.3.1-natives-windows.jar;C:\Users\aelig\.gradle\caches\modules-2\files-2.1\org.lwjgl\lwjgl-stb\3.3.1\fde63cdd2605c00636721a6c8b961e41d1f6b247\lwjgl-stb-3.3.1-natives-windows-arm64.jar;C:\Users\aelig\.gradle\caches\modules-2\files-2.1\org.lwjgl\lwjgl-stb\3.3.1\a8d41f419eecb430b7c91ea2ce2c5c451cae2091\lwjgl-stb-3.3.1-natives-windows-x86.jar;C:\Users\aelig\.gradle\caches\modules-2\files-2.1\org.lwjgl\lwjgl-tinyfd\3.3.1\ff1914111ef2e3e0110ef2dabc8d8cdaad82347\lwjgl-tinyfd-3.3.1.jar;C:\Users\aelig\.gradle\caches\modules-2\files-2.1\org.lwjgl\lwjgl-tinyfd\3.3.1\a5d830475ec0958d9fdba1559efa99aef211e6ff\lwjgl-tinyfd-3.3.1-natives-windows.jar;C:\Users\aelig\.gradle\caches\modules-2\files-2.1\org.lwjgl\lwjgl-tinyfd\3.3.1\83a5e780df610829ff3a737822b4f931cffecd91\lwjgl-tinyfd-3.3.1-natives-windows-arm64.jar;C:\Users\aelig\.gradle\caches\modules-2\files-2.1\org.lwjgl\lwjgl-tinyfd\3.3.1\842eedd876fae354abc308c98a263f6bbc9e8a4d\lwjgl-tinyfd-3.3.1-natives-windows-x86.jar;C:\Users\aelig\.gradle\caches\modules-2\files-2.1\org.lwjgl\lwjgl\3.3.1\ae58664f88e18a9bb2c77b063833ca7aaec484cb\lwjgl-3.3.1.jar;C:\Users\aelig\.gradle\caches\modules-2\files-2.1\org.lwjgl\lwjgl\3.3.1\36c37f16ab611b3aa11f3bcf80b1d509b4ce6b\lwjgl-3.3.1-natives-windows.jar;C:\Users\aelig\.gradle\caches\modules-2\files-2.1\org.lwjgl\lwjgl\3.3.1\f46cadcf95675908fd3a550d63d9d709cb68998\lwjgl-3.3.1-natives-windows-arm64.jar;C:\Users\aelig\.gradle\caches\modules-2\files-2.1\org.lwjgl\lwjgl\3.3.1\3b14f4beae9dd39791ec9e12190a9380cd8a3ce6\lwjgl-3.3.1-natives-windows-x86.jar;C:\Users\aelig\.gradle\caches\modules-2\files-2.1\com.machinezoo.noexception\noexception\1.7.1\b65330c98e38a1f915fa54a6e5eca496505e3f0a\noexception-1.7.1.jar;C:\Users\aelig\.gradle\caches\modules-2\files-2.1\org.slf4j\slf4j-simple\1.7.30\e606eac955f55ecf1d8edcccba04eb8ac98088dd\slf4j-simple-1.7.30.jar;C:\Users\aelig\.gradle\caches\modules-2\files-2.1\org.slf4j\slf4j-api\2.0.1\f48d81adce2abf5ad3cfe463df517952749e03bc\slf4j-api-2.0.1.jar;C:\Users\aelig\.gradle\caches\modules-2\files-2.1\net.minecraftforge\srgutils\0.4.11\fbad1341ffdb47d276bbdc40ecb06da49e053e74\srgutils-0.4.11.jar;C:\Users\aelig\.gradle\caches\modules-2\files-2.1\org.codehaus.plexus\plexus-utils\3.3.0\cf43b5391de623b36fe066a21127baef82c64022\plexus-utils-3.3.0.jar;C:\Users\aelig\.gradle\caches\modules-2\files-2.1\com.google.guava\listenablefuture\9999.0-empty-to-avoid-conflict-with-guava\b421526c5f297295adef1c886e5246c39d4ac629\listenablefuture-9999.0-empty-to-avoid-conflict-with-guava.jar;C:\Users\aelig\.gradle\caches\modules-2\files-2.1\org.checkerframework\checker-qual\3.12.0\d5692f0526415fcc6de94bb5bfbd3afd9dd3b3e5\checker-qual-3.12.0.jar;C:\Users\aelig\.gradle\caches\modules-2\files-2.1\com.google.errorprone\error_prone_annotations\2.11.0\c5a0ace696d3f8b1c1d8cc036d8c03cc0cbe6b69\error_prone_annotations-2.11.0.jar;C:\Users\aelig\.gradle\caches\modules-2\files-2.1\com.google.j2objc\j2objc-annotations\1.3\ba035118bc8bac37d7eff77700720999acd9986d\j2objc-annotations-1.3.jar;C:\Users\aelig\.gradle\caches\modules-2\files-2.1\org.antlr\ST4\4.3\92f2c1ad8d84abcbeead6cf7f2c53a04166293c2\ST4-4.3.jar;C:\Users\aelig\.gradle\caches\modules-2\files-2.1\org.antlr\antlr-runtime\3.5.2\cd9cd41361c155f3af0f653009dcecb08d8b4afd\antlr-runtime-3.5.2.jar;C:\Users\aelig\.gradle\caches\modules-2\files-2.1\org.abego.treelayout\org.abego.treelayout.core\1.0.3\457216e8e6578099ae63667bb1e4439235892028\org.abego.treelayout.core-1.0.3.jar;C:\Users\aelig\.gradle\caches\modules-2\files-2.1\org.glassfish\javax.json\1.0.4\3178f73569fd7a1e5ffc464e680f7a8cc784b85a\javax.json-1.0.4.jar
Launcher Type: SUN_STANDARD

[Global flags]
     intx CICompilerCount                          = 3                                         {product} {ergonomic}
     uint ConcGCThreads                            = 1                                         {product} {ergonomic}
     uint G1ConcRefinementThreads                  = 4                                         {product} {ergonomic}
   size_t G1HeapRegionSize                         = 2097152                                   {product} {ergonomic}
    uintx GCDrainStackTargetSize                   = 64                                        {product} {ergonomic}
    ccstr HeapDumpPath                             = MojangTricksIntelDriversForPerformance_javaw.exe_minecraft.exe.heapdump         {manageable} {command line}
   size_t InitialHeapSize                          = 234881024                                 {product} {ergonomic}
   size_t MarkStackSize                            = 4194304                                   {product} {ergonomic}
   size_t MaxHeapSize                              = 3739222016                                {product} {ergonomic}
   size_t MaxNewSize                               = 2241855488                                {product} {ergonomic}
   size_t MinHeapDeltaBytes                        = 2097152                                   {product} {ergonomic}
   size_t MinHeapSize                              = 8388608                                   {product} {ergonomic}
    uintx NonNMethodCodeHeapSize                   = 5832780                                {pd product} {ergonomic}
    uintx NonProfiledCodeHeapSize                  = 122912730                              {pd product} {ergonomic}
    uintx ProfiledCodeHeapSize                     = 122912730                              {pd product} {ergonomic}
    uintx ReservedCodeCacheSize                    = 251658240                              {pd product} {ergonomic}
     bool SegmentedCodeCache                       = true                                      {product} {ergonomic}
   size_t SoftMaxHeapSize                          = 3739222016                             {manageable} {ergonomic}
     bool UseCompressedOops                        = true                           {product lp64_product} {ergonomic}
     bool UseG1GC                                  = true                                      {product} {ergonomic}
     bool UseLargePagesIndividualAllocation        = false                                  {pd product} {ergonomic}

Logging:
Log output configuration:
 #0: stdout all=warning uptime,level,tags foldmultilines=false
 #1: stderr all=off uptime,level,tags foldmultilines=false

Environment Variables:
PATH=C:\Program Files\ImageMagick-7.1.1-Q16-HDRI;D:\Program Files\Wmware\bin\;C:\Program Files\Common Files\Oracle\Java\javapath;C:\Program Files (x86)\Common Files\Oracle\Java\java8path;C:\Program Files (x86)\Common Files\Oracle\Java\javapath;C:\WINDOWS\system32;C:\WINDOWS;C:\WINDOWS\System32\Wbem;C:\WINDOWS\System32\WindowsPowerShell\v1.0\;C:\WINDOWS\System32\OpenSSH\;C:\Program Files\Microsoft SQL Server\150\Tools\Binn\;C:\Program Files\Microsoft SQL Server\Client SDK\ODBC\170\Tools\Binn\;C:\Program Files\dotnet\;C:\Program Files\Git\cmd;D:\Aelig\Gradle\gradle-8.10-bin\gradle-8.10\bin;C:\Users\aelig\ffmpeg-n6.1.2-8-gf00f71f590-win64-gpl-6.1\bin;C:\Users\aelig\AppData\Local\nvm;C:\nvm4w\nodejs;C:\ProgramData\chocolatey\bin;C:\Users\aelig\Local\Roaming\nvm\v18.20.8;D:\APLICATIONS\dfu-util-0.9-win64\dfu-util-0.9-win64;C:\Users\aelig\AppData\Local\Programs\Python\Launcher\;C:\Users\aelig\AppData\Local\Programs\Python\Python312\Scripts\;C:\Users\aelig\AppData\Local\Programs\Python\Python312\;C:\Users\aelig\AppData\Local\Microsoft\WindowsApps;C:\Users\aelig\.dotnet\tools;C:\Program Files\JetBrains\IntelliJ IDEA 2023.2.1\bin;;D:\APLICATIONS\IntelliJ IDEA Community Edition 2025.1.1.1\bin;;C:\Users\aelig\AppData\Local\Programs\Microsoft VS Code\bin;D:\APLICATIONS\PyCharm 2025.1.1.1\bin;;D:\APLICATIONS\JetBrains Rider 2025.1.2\bin;;D:\APLICATIONS\CLion 2025.1.2\bin;;C:\Users\aelig\AppData\Local\nvm;C:\nvm4w\nodejs;C:\Users\aelig\AppData\Roaming\npm
USERNAME=aelig
OS=Windows_NT
PROCESSOR_IDENTIFIER=AMD64 Family 23 Model 24 Stepping 1, AuthenticAMD
TMP=C:\Users\aelig\AppData\Local\Temp
TEMP=C:\Users\aelig\AppData\Local\Temp




Periodic native trim disabled

---------------  S Y S T E M  ---------------

OS:
 Windows 11 , 64 bit Build 26100 (10.0.26100.5074)
OS uptime: 16 days 18:49 hours
Hyper-V role detected

CPU: total 4 (initial active 4) (4 cores per cpu, 1 threads per core) family 23 model 24 stepping 1 microcode 0x8108109, cx8, cmov, fxsr, mmx, 3dnowpref, sse, sse2, sse3, ssse3, sse4a, sse4.1, sse4.2, popcnt, lzcnt, tsc, tscinvbit, avx, avx2, aes, clmul, bmi1, bmi2, adx, sha, fma, vzeroupper, clflush, clflushopt, hv, rdtscp, f16c
Processor Information for all 4 processors :
  Max Mhz: 3600, Current Mhz: 3600, Mhz Limit: 3600

Memory: 4k page, system-wide physical 14258M (3578M free)
TotalPageFile size 28594M (AvailPageFile size 12241M)
current process WorkingSet (physical memory assigned to process): 298M, peak: 303M
current process commit charge ("private bytes"): 384M, peak: 390M

vm_info: Java HotSpot(TM) 64-Bit Server VM (21.0.4+8-LTS-274) for windows-amd64 JRE (21.0.4+8-LTS-274), built on 2024-06-05T05:23:33Z by "mach5one" with MS VC++ 17.6 (VS2022)

END.
